"","NUTS_ID","nuts3_cases"
"1","HR043",11.7830933833864
"2","AT314",91.7337398882395
"3","AT315",140.29719327046
"4","DE600",714.146225773357
"5","DE711",64.321643778957
"6","DE712",297.182528368334
"7","DE713",46.1426391240963
"8","DE714",114.166139751539
"9","DE715",108.286109219009
"10","BE353",26.3056175941491
"11","BG311",2.54836537084093
"12","BG312",3.80347035369897
"13","DE737",39.1405388534323
"14","DE803",77.5431357729259
"15","DE804",35.3801433261043
"16","DE80L",81.0103478086573
"17","DE923",57.9258531790077
"18","DE94E",144.957162476743
"19","DE94F",57.268385893412
"20","DE94G",36.1682528124228
"21","DEA59",54.9470083850842
"22","DEA5A",108.739465745662
"23","DEA5B",119.789115850651
"24","DEA5C",152.816548328278
"25","DEB11",45.3352480883383
"26","BG313",4.58985713083906
"27","AT321",12.3584857990518
"28","AT322",99.1698023162696
"29","AT323",218.200714051808
"30","DE925",109.818647028808
"31","DE926",28.0425269911234
"32","DE927",49.234749041689
"33","BG314",7.4069299597033
"34","BG331",15.1969516491054
"35","DE928",62.4373936664514
"36","DE929",457.333828099903
"37","DE931",71.5010507576619
"38","BG332",5.29430884751382
"39","BG333",4.95397395782686
"40","AT331",19.343396388968
"41","DE932",79.8879392783721
"42","DE80J",94.3855330266298
"43","AT332",183.381872760558
"44","AT333",29.4509405050374
"45","AT334",64.2404776395098
"46","DE933",103.11478581806
"47","DE934",19.5083806526666
"48","DE935",75.1915630029375
"49","BG334",3.46060458843775
"50","DE936",47.4254904074623
"51","DE937",67.8142487798322
"52","DE938",54.8495382120135
"53","DE939",83.1157009155884
"54","DE93A",37.6047414026412
"55","DE93B",55.2234825161975
"56","DE941",29.5145756002756
"57","DE942",19.978229449687
"58","DE943",65.7510243124816
"59","DE80K",86.2980117765927
"60","DE944",61.2224718540892
"61","DE945",28.5910446414267
"62","DE946",51.9869122830414
"63","AT223",94.4753430756077
"64","DE947",76.6771501411741
"65","DE948",70.2520326400303
"66","DE949",135.68566462368
"67","AT226",59.5764447625583
"68","AT311",165.312763473597
"69","AT312",346.586108010729
"70","AT335",155.014491133158
"71","AT341",53.7933368019349
"72","AT342",181.331849551304
"73","BE100",466.46493870434
"74","DE94A",39.1845522299334
"75","DE94B",57.8071772486466
"76","DE94C",70.4938644513386
"77","DE94D",54.2281013072708
"78","AT313",123.59449065798
"79","DE406",71.0218670856314
"80","DE407",39.4707493668713
"81","BG412",7.97142529375824
"82","BE334",30.2642850995405
"83","BE335",79.7107059487231
"84","BE336",31.0160153860372
"85","AL022",43.7057868039596
"86","AL031",8.41991364046893
"87","AL032",4.76049652538698
"88","AL033",11.4287921625875
"89","AL034",7.27346568197874
"90","AT224",159.536111724409
"91","AT225",115.653209729562
"92","BE211",392.258106846054
"93","BG315",3.73415437607794
"94","BG321",7.2404998386306
"95","AL035",2.38545918042279
"96","AT111",22.5949604574875
"97","AT112",96.0696281889154
"98","AT113",58.8809581895974
"99","BE212",129.453937462607
"100","BE213",173.874294961465
"101","BE221",161.993594544548
"102","BE222",90.7295185057507
"103","BG341",12.7581264925945
"104","AT121",147.607756339037
"105","AT122",155.516103545995
"106","AT123",92.4163328200354
"107","AT124",130.457692271485
"108","BE223",74.7997569892928
"109","BE341",23.477894175248
"110","AT125",74.8224053901512
"111","AT211",171.22657802166
"112","BE231",106.084387005015
"113","BE232",75.4914962628111
"114","BE233",31.312906602619
"115","BE234",208.244930808676
"116","BE235",46.0916622990707
"117","BE236",93.985017001156
"118","BG342",5.72197548134383
"119","BG343",3.54802987674334
"120","DE911",101.566387272778
"121","AT212",74.7518049573195
"122","AT126",209.210812914328
"123","BE241",231.985042931244
"124","BE242",185.476734661011
"125","BE342",18.0652191977647
"126","BE343",21.64251814036
"127","BE344",23.9444190215366
"128","BE345",20.8923600539588
"129","AT127",216.107305101707
"130","AT130",1111.29521272481
"131","AL011",3.13756160354202
"132","AL012",8.48766571059385
"133","BE251",102.678308276486
"134","AT213",89.2889721732548
"135","AT221",271.542355520011
"136","AT222",47.1349027380307
"137","BE252",19.3506445298753
"138","BE351",41.5439476603462
"139","BE352",120.747821177165
"140","BG322",3.23415465686214
"141","AL013",5.37253712420302
"142","AL014",4.58096158252779
"143","AL015",12.1988565354246
"144","AL021",10.9844626505647
"145","BE253",39.6005127162369
"146","BE254",103.906229634928
"147","BE255",56.3772484872862
"148","BE256",55.7721657760342
"149","BE257",34.8725747523769
"150","BE258",21.1462336895179
"151","BG323",6.36487711361666
"152","BE310",153.182173936511
"153","BE321",33.7838297822667
"154","BE322",160.256171034735
"155","BE323",94.3066088765126
"156","BE324",28.8555506611244
"157","BG324",3.16080467978862
"158","BG325",3.43437396608011
"159","DE913",50.1826532999829
"160","BG344",9.58692804439274
"161","BG411",43.6333887993841
"162","DE912",37.1153709413555
"163","BE325",71.479069007766
"164","BE326",55.4869891043547
"165","BE327",56.3682496914968
"166","BE331",43.6050084879088
"167","BE332",232.862897324583
"168","BG422",7.11594887144315
"169","CH051",44.2692380756796
"170","ES432",321.757349827453
"171","DE246",42.9375930072534
"172","DE247",34.7448455463465
"173","DE248",47.5479950180601
"174","DE265",41.3518714081525
"175","DE266",31.4501148974298
"176","DE267",33.9322311908154
"177","CH052",95.8027463133423
"178","CH053",58.9744381142335
"179","CH054",19.3509196224245
"180","DE111",247.347479105065
"181","CZ010",174.348823200363
"182","ES511",4705.69497396104
"183","DE12C",45.8948504915605
"184","DE131",91.0378521247488
"185","DE132",104.735738511675
"186","DE147",88.3518026916074
"187","DE148",112.767382081419
"188","DE149",51.1121575262802
"189","DE211",55.8049156331062
"190","CZ042",104.369897692004
"191","HR04A",14.4112495360579
"192","ES613",642.868634118521
"193","DE21K",103.21045019607
"194","DE21L",53.9643072125084
"195","DE21M",70.6889692596895
"196","DE235",50.0026592794392
"197","DE236",52.9985390690207
"198","DE237",38.6209270810672
"199","BG423",7.89336750307993
"200","BG424",3.32667082088403
"201","ES512",725.100648249421
"202","DE249",38.2372630603029
"203","DE24A",27.1180536638141
"204","DE24B",29.324401368965
"205","DE24C",27.0231737705428
"206","DE25C",37.4598107251587
"207","DE261",28.1043154432252
"208","DE262",20.7734897528738
"209","DE263",49.5929378662048
"210","DE264",71.5679539844785
"211","DE212",625.697028561296
"212","DE213",24.5241622743773
"213","CH055",579.267102169444
"214","ES513",397.645745300322
"215","DE133",66.9566178283221
"216","DE134",171.581278563714
"217","DE135",54.8635569707496
"218","DE136",82.7723630285887
"219","DE214",43.4535504293238
"220","DE215",42.7194009939358
"221","DE216",51.0392053793989
"222","DE217",63.4281271733382
"223","CZ051",56.6069493975418
"224","BG425",4.58524360185192
"225","ES514",759.655174571862
"226","ES521",1702.93554475056
"227","DE21N",54.0643693100004
"228","DE221",28.2379804593583
"229","DE222",19.767665193645
"230","DE223",18.5787777490436
"231","DE224",47.3565708739574
"232","DE225",31.1305319319674
"233","DE238",79.3094862166991
"234","DE239",59.1623853256956
"235","DE268",36.3017237631488
"236","CH056",239.676653994076
"237","ES522",528.656710190737
"238","ES531",124.515821660076
"239","DE24D",28.1372539345399
"240","DE251",16.2226016818118
"241","DE252",44.2009160478657
"242","DE253",51.2967400424684
"243","DE254",200.583676083493
"244","DE255",16.3611183331246
"245","DE137",54.6790764211312
"246","DE269",52.643734876776
"247","DE26A",51.6198622346788
"248","DE218",57.4544123877995
"249","ES532",800.10451171963
"250","ES533",85.6583520322373
"251","DE138",111.06948738772
"252","DE139",98.6622083219588
"253","DE226",48.0936773398719
"254","DE219",53.1842991346288
"255","DE21A",56.7958464946444
"256","DE21B",72.2794569736211
"257","CZ020",202.904643970333
"258","CZ052",70.7057085634184
"259","ES611",633.827154651901
"260","ES612",982.527872626887
"261","ES706",18.3602928907984
"262","DE227",63.7121468306225
"263","DE228",77.5551480927063
"264","BG413",9.59724209047208
"265","BG414",3.88873795580696
"266","CH011",954.185858015183
"267","ES707",72.5854331686961
"268","ES708",114.279813334757
"269","ES709",771.086953271323
"270","FI196",31.4285533721455
"271","DE256",72.9007952010382
"272","DE257",56.6424361456411
"273","DE258",47.7615919572448
"274","CH025",81.4733643375944
"275","CH031",203.213971865908
"276","CH032",327.262509181545
"277","CH063",189.115507885931
"278","ES241",187.389100363402
"279","DE13A",71.1089925857257
"280","DE141",112.251589121559
"281","DE142",89.325859730453
"282","DE143",74.6186621854566
"283","CH064",44.8878596193325
"284","CH065",50.1560598720925
"285","CH066",145.601190958035
"286","BG415",3.6658471451384
"287","ES523",2189.20906648842
"288","DE229",29.766347507525
"289","DE22A",48.5866561020337
"290","DE22B",40.5428653534974
"291","CZ032",76.5815003348733
"292","ES412",301.557344435353
"293","ES413",380.00767865108
"294","DE259",69.0037973625157
"295","DE25A",40.2153980697125
"296","DE25B",51.9767452292513
"297","DE144",48.1540448384838
"298","BG421",20.3778716434332
"299","CH033",768.951676973073
"300","ES419",141.244311120121
"301","HR037",9.71871745231823
"302","HU110",35.8316145395145
"303","HR048",7.25554959360607
"304","HR049",6.71926253631822
"305","DE145",77.88304626748
"306","DE146",79.5300629320543
"307","CH040",1784.38659161236
"308","CH070",415.490668218253
"309","ES425",684.361226243298
"310","DE128",218.565303062268
"311","DE129",47.0285674433697
"312","DE12A",59.2326567385624
"313","DE12B",79.517603275064
"314","DE22C",37.6057972500261
"315","DE231",16.0826755893638
"316","DE232",60.593601257478
"317","DE233",16.8142972405921
"318","DE234",41.705146101849
"319","CY000",123.773519643585
"320","CZ041",37.5658242681925
"321","ES431",555.129925990063
"322","DE21G",43.6238872289269
"323","DE21H",151.867982931901
"324","DE21I",38.4910019355777
"325","DE21J",50.726500223537
"326","DE80O",80.9247222039134
"327","DE278",49.4685057585119
"328","CH021",1166.2903677803
"329","DE80M",60.4635840131511
"330","DEB12",50.8991625187821
"331","DEC05",57.1719452537726
"332","DED52",108.891915635362
"333","DED53",75.5190796253851
"334","DEE01",38.4795685227746
"335","DE279",70.8216244778564
"336","DE27A",33.3736583210245
"337","DE27B",56.9933327157885
"338","CZ063",64.6950800440881
"339","DEC06",35.6768463089837
"340","DED21",220.329851000226
"341","DED2C",117.351285941035
"342","DEA1A",134.07276399984
"343","DEA38",111.052107021422
"344","DEA41",138.154400271702
"345","DEA42",148.339584375755
"346","DEA43",102.92458856204
"347","DEA44",57.0123248117393
"348","DEB38",20.2711053969518
"349","DE40D",37.7010965219316
"350","DE40E",83.5207121311432
"351","CZ064",154.48225662812
"352","DEA1B",127.884945731511
"353","DEA1C",191.435656457308
"354","DEA1D",183.056004273815
"355","DEA1E",122.3399773476
"356","DEB39",32.5238886631275
"357","DEB3A",13.6404422040883
"358","DEB3B",52.3705499898522
"359","DEB3C",53.8393521149893
"360","DEB3D",30.6816553558999
"361","DEE02",92.0610636287638
"362","DE721",105.164879622605
"363","DE722",102.296862622406
"364","DE723",69.6642775957891
"365","DE724",96.7792936425941
"366","CZ071",79.8535274944924
"367","DEB13",51.6959029818542
"368","DEB14",64.1488926741188
"369","DEB15",31.8481463368143
"370","DEE03",96.1253853192116
"371","DEE04",32.5685368637572
"372","DEE05",59.9536261724826
"373","DEA45",139.797561942086
"374","DE916",53.0351845385371
"375","DE917",35.2096552212685
"376","DE918",52.7335378216407
"377","DE91A",53.4435672293863
"378","DE11A",77.5967175607746
"379","DE11B",52.0496118557837
"380","DE11C",50.1170789278189
"381","DEE09",85.6857715986041
"382","DEE0A",52.9937466402364
"383","DEA1F",186.274253416835
"384","DEA46",125.31501977524
"385","DEA47",124.837460989839
"386","DEA51",142.337924171581
"387","DEA52",231.604393308947
"388","DEA53",73.4445006870921
"389","DEB3E",52.2585084650216
"390","DE27C",57.4039290679773
"391","DE27D",52.8746266619097
"392","DE27E",62.7733833819315
"393","DE21D",33.8470529232813
"394","DE21E",50.3447538321352
"395","DE21F",39.8942461347717
"396","DE23A",29.4458731568873
"397","DE241",29.8345762997501
"398","DEA22",127.862078905905
"399","DEA23",444.714024388563
"400","DEA24",66.1382144030172
"401","DEA26",103.855056536884
"402","DEA27",188.279968738774
"403","DEB3F",42.6412321057697
"404","DEB3G",28.1444475115826
"405","DEE06",32.8162465544325
"406","DE40F",28.7313440630903
"407","DE40G",44.5286892313602
"408","DE725",41.7240099172764
"409","DE113",211.478152804594
"410","DE114",99.5592115264185
"411","DE115",218.343226451563
"412","DE116",168.90295227593
"413","DEB17",87.4524707022615
"414","DEB18",74.1609770134493
"415","DEB1A",49.0539096853885
"416","DEE07",66.7085364530534
"417","DEE08",68.9922192229683
"418","DEA54",71.264501472522
"419","DEA55",57.6884684258436
"420","DE731",78.5265868931769
"421","DE732",89.5222933934564
"422","DE733",47.3974364437691
"423","DE91B",47.9804023484702
"424","DE242",28.2590974070556
"425","DE243",16.6088707839743
"426","DE244",16.3664469087118
"427","DE245",60.8221576792371
"428","DED2D",97.9534156700284
"429","DED2E",95.0890563093684
"430","DED2F",96.2747038484431
"431","DEA56",128.659510110257
"432","DEA57",105.269517058765
"433","DEA58",165.279191952239
"434","DE91C",126.571497898694
"435","DE922",87.189127233953
"436","DE300",1358.20365751733
"437","CH022",378.201330875155
"438","DEA28",77.4328671507134
"439","DEA29",102.913122256795
"440","DEA2A",107.446865142518
"441","DEA2B",117.256858318839
"442","DEB3H",45.0980870037791
"443","DEB3I",62.1338622126343
"444","DEB3J",86.9957459895575
"445","DE401",28.4477520075506
"446","DE402",40.089255555041
"447","DE403",21.6009912276071
"448","DE404",78.4710907652098
"449","DE405",75.3836811775641
"450","CZ072",73.2268578801901
"451","DE117",47.4074916632567
"452","DE118",134.85311744836
"453","DEB1B",82.6505491592707
"454","DEB1C",25.5815473809002
"455","DEB1D",41.3492663267544
"456","DEB21",47.1213537327143
"457","DE26B",46.2490165704324
"458","DE26C",65.7188357688421
"459","DE271",116.490674934289
"460","DE272",16.3703282168555
"461","DE273",27.8856135970581
"462","DE40H",68.2694604402089
"463","DE40I",44.265576010145
"464","DE501",225.298517488164
"465","DE502",41.8133753926639
"466","DE11D",124.739270472291
"467","DE121",21.4569946954744
"468","DE122",126.636769660392
"469","DE123",179.053309862504
"470","DED41",95.9366221736583
"471","DED42",132.756711085624
"472","DED43",119.948131071754
"473","DE408",66.4395683771807
"474","DE409",79.8682169702112
"475","DE40A",88.854267634012
"476","DE734",95.2374275362733
"477","DE735",71.6827420282075
"478","DE736",61.9470265641762
"479","CZ080",149.24570432006
"480","DE112",151.110575250849
"481","DEA2C",241.367291086961
"482","DEA2D",217.480049834349
"483","DEA31",48.4898371993125
"484","DEA32",102.528570140099
"485","DEA33",134.410122040903
"486","DE716",116.840137393969
"487","DE717",108.935813888317
"488","DE718",95.6283476297199
"489","DE719",165.552988638582
"490","DE274",17.2492290659178
"491","CH012",415.29358462088
"492","CH013",588.383273656284
"493","CH024",202.632030853222
"494","CH023",306.377464255531
"495","DE119",44.2339762412155
"496","DEB22",46.0994250339332
"497","DEB23",40.4273964362212
"498","DEB24",24.8096916947446
"499","DE80N",96.6404151744205
"500","DE275",54.8557943544621
"501","CH057",311.490253256953
"502","CH061",467.688562215325
"503","CH062",41.1204711760895
"504","DE124",92.4349454373082
"505","DE125",65.5767469983394
"506","DE126",115.734240869516
"507","DE127",56.4665734157995
"508","DE21C",87.2300256962066
"509","DED44",88.8481167473775
"510","DED45",125.827168252539
"511","DED51",211.147096955398
"512","DEA34",154.421160056759
"513","DE276",99.521141814168
"514","DE277",38.63804430783
"515","DE40B",41.2973488964656
"516","CZ031",82.3799508121947
"517","DEB3K",54.4208904877121
"518","DEC01",129.16315918057
"519","DEC02",42.6390480476278
"520","DEC03",52.1772707120266
"521","DEC04",77.167129112635
"522","DEA35",89.1593187186447
"523","DEA36",246.406281615673
"524","DEA37",180.064805078715
"525","DE40C",69.3656602727913
"526","DE71A",96.1948541564961
"527","DE71B",39.1646950627607
"528","DE71C",139.275874656637
"529","CZ053",66.9768291128284
"530","DE94H",23.0649104697447
"531","DEA11",252.771179634194
"532","DEA12",196.600822393134
"533","DEA13",229.281844829687
"534","DEA14",86.6132134687945
"535","DEA15",102.819207756693
"536","DEA16",68.1518173325233
"537","DEA17",83.8420844454447
"538","DEA18",43.1427990845105
"539","DEA19",61.6710195057378
"540","DEB25",62.3802331809244
"541","DEB31",19.9286309365519
"542","DEB32",39.301935487328
"543","DEB33",19.0718453207985
"544","DEB34",64.1899819125353
"545","DEB35",89.5078207190221
"546","DEB36",21.4032846271023
"547","DEB37",22.3723535271343
"548","DE71D",73.8584389113775
"549","DE71E",122.160753010196
"550","DE914",70.8214205447166
"551","EL623",2.48886968515481
"552","EL624",1.43944051928491
"553","EL521",10.0541114191952
"554","DEE0D",43.0538250291816
"555","DEE0E",46.3103182143942
"556","DEF01",32.2948980611353
"557","DEF02",98.2017996557625
"558","DEF03",87.3011720480279
"559","ES112",255.769228253715
"560","EL515",9.24605292096918
"561","DEG09",40.1037808573823
"562","DEG0A",28.9615319499674
"563","DEG0B",48.2630569694158
"564","EL522",77.7241762070415
"565","EL631",13.8703190952802
"566","DK013",125.300025306529
"567","DK014",9.97354345534601
"568","DK021",65.1437156384316
"569","DEF04",31.1480668927422
"570","EL632",19.9426122127267
"571","EL633",10.640403094461
"572","ES113",244.50070883503
"573","DEF05",54.3344261256999
"574","DEF06",79.9745582348612
"575","DEG0C",53.0310927187652
"576","EL431",22.0159525912549
"577","EL542",2.92514012220691
"578","EL543",11.9548515686451
"579","EL523",5.7429428486832
"580","EL524",9.97523400073201
"581","EL525",8.9296414346338
"582","EL526",12.6261162467473
"583","DEG0D",27.2814386458225
"584","DEG0E",25.2747447737366
"585","DK032",199.085647776953
"586","FI200",4.04938725144336
"587","FR101",753.449340554299
"588","FRB04",202.375736965027
"589","EL307",34.2228173281874
"590","EL641",8.20773775893585
"591","EL643",1.40678878399649
"592","EL644",10.8966035673744
"593","FRB05",110.734256022462
"594","EL611",17.277386694843
"595","EL411",6.5306510018928
"596","ES114",724.589000635056
"597","EL532",3.48107439560837
"598","DEF07",65.3425396550625
"599","DEG0F",42.6186909153383
"600","FI1C2",25.2402417833183
"601","FI1C3",29.1539248967875
"602","FR105",547.282115835337
"603","EE008",81.8787667677457
"604","EL527",7.05978390931814
"605","EL531",12.5429613424098
"606","EL533",3.5696994606621
"607","DEG0G",32.3404738286265
"608","DEG0H",21.6063921665664
"609","DEF08",77.6780803050488
"610","FR102",486.994529190375
"611","EL432",5.14430970259066
"612","EL652",9.34043817408696
"613","EL642",13.5155082107657
"614","DEF09",126.726079218629
"615","DEF0A",50.7165173674215
"616","DEG0I",41.1434517393222
"617","FRB06",223.411611682001
"618","EL612",20.0442097390078
"619","EL621",2.66946570657505
"620","EL622",6.72746155608286
"621","EL433",5.83999568539151
"622","ES120",817.009893255029
"623","DEG0J",33.3360655491814
"624","DEG0K",31.6046435894576
"625","DK022",158.696852456865
"626","FRC11",175.920316120683
"627","EL653",16.6560100606088
"628","EL541",8.72000454623897
"629","EL645",2.64845097069565
"630","FR103",469.900055668088
"631","FR104",418.05469866776
"632","EL434",10.9182982809991
"633","EL511",10.3035026511905
"634","EL512",7.97575930129601
"635","EL651",12.3245445858201
"636","DEE0B",73.1556261053839
"637","FRC12",68.7978379202078
"638","EL613",13.6133548651284
"639","DEE0C",71.7742619585392
"640","DEG01",85.4074357552794
"641","DEG02",35.5750803830014
"642","DEG03",46.4145017348558
"643","DEG04",12.2488271277266
"644","DEG05",25.5608004731743
"645","FRC13",182.84652419019
"646","ES111",854.381991125135
"647","DEG06",38.8493716685239
"648","DEG07",32.8308869803204
"649","DEG0P",37.3520254823094
"650","DK041",120.895690122005
"651","DEF0B",111.781069318723
"652","EL304",36.3274383530259
"653","EL305",34.7468928489433
"654","EL306",10.8912116194074
"655","EL412",2.65014994087893
"656","EL513",7.99552179817564
"657","EL514",7.062504376974
"658","DK011",225.953901037822
"659","DK012",148.656785777584
"660","DK031",134.535540451348
"661","DEF0C",79.6381014467062
"662","FI1C4",24.8758007031351
"663","EL413",3.25212062816868
"664","EL421",12.7545610646402
"665","EE007",45.9823881207839
"666","EL422",7.67820515931142
"667","HR045",10.1182501413385
"668","HR046",9.81199476959962
"669","HR047",10.1238391895862
"670","ES417",73.7321994957789
"671","FI197",75.1840810863114
"672","ES614",772.844939138842
"673","HU213",6.09247699046139
"674","HU221",8.88219440215408
"675","HU231",6.58156959264763
"676","HU232",5.6486680128834
"677","ES424",275.744137345851
"678","ES615",434.434712916892
"679","ES130",477.350941250226
"680","ES230",279.804418101529
"681","FI194",28.0014931541091
"682","FI195",25.8151105502516
"683","ES242",115.158090009607
"684","ES418",432.338987098238
"685","ES414",127.850114322716
"686","DEF0D",113.204956814451
"687","DEF0E",52.5484487618472
"688","DEF0F",103.640874112234
"689","FI1B1",239.228623725971
"690","FI1C1",67.5452252128757
"691","ES421",334.387931063773
"692","ES211",280.039183896771
"693","ES212",552.622017044279
"694","ES243",832.440115690979
"695","EE006",34.7559047646556
"696","EL301",41.4552153834432
"697","EL302",34.4957280523989
"698","EL303",71.7134646353208
"699","HR034",9.06742334467581
"700","ES415",270.434939804944
"701","DK050",157.76415500264
"702","ES422",438.347778591368
"703","ES616",526.873798513167
"704","ES617",1418.62144117822
"705","ES213",886.876270320239
"706","DEG0L",38.0345304946764
"707","DEG0M",34.8761817775934
"708","DEG0N",15.8622682700844
"709","DK042",246.275905109947
"710","HR04D",11.3640092833223
"711","HR04E",15.6523904594909
"712","ES300",5714.68603476252
"713","EE001",166.293582307287
"714","ES618",1630.33821571514
"715","ES416",136.648722330767
"716","EE004",40.4524155846164
"717","HR036",18.4243576300988
"718","HR035",38.7193963790452
"719","ES423",175.341243500568
"720","HU120",22.5920534259791
"721","ES220",555.31629655832
"722","FI193",40.1271291607534
"723","ES620",1314.59801373476
"724","ES630",60.2329573604687
"725","ES640",78.8252957548598
"726","ES703",9.33723918462605
"727","ES704",85.8823679750131
"728","ES705",729.072590406259
"729","HR042",33.0765092135047
"730","HR044",15.7577207190475
"731","ES411",136.831499666827
"732","HR04B",26.9419206192712
"733","HR04C",15.2552646954174
"734","HU211",8.33604122520754
"735","HU212",4.86793878314161
"736","HU222",4.6645590731051
"737","HU223",4.66363294338088
"738","FRG03",106.183811560608
"739","IS002",225.833580966071
"740","NL329",437.165163823688
"741","NL332",280.241922517799
"742","NL333",73.2717455148361
"743","NL337",133.101779537585
"744","NL33A",128.721609008591
"745","NL33B",102.567360305929
"746","NL33C",458.928248713303
"747","FRF33",345.445493730569
"748","NL341",33.7144351544441
"749","NL342",87.736324810373
"750","NL411",204.950005303403
"751","NL412",152.867362607734
"752","HR033",15.3185539992376
"753","FRK23",173.261483357402
"754","FRH04",252.968775071211
"755","NL413",211.30036526973
"756","NL414",245.323936294618
"757","NL421",90.5656986837612
"758","NL422",76.142228643305
"759","NL423",189.467200706457
"760","FRL03",363.400934003316
"761","FRY20",129.408366753043
"762","FRY40",297.019907655659
"763","FRI22",39.3882356171821
"764","NO011",381.284702066085
"765","NO021",110.417561027736
"766","NO034",94.658867366373
"767","FRY50",72.5339046983706
"768","FRF34",121.917085777312
"769","NO012",350.783135299287
"770","LV007",36.554292246508
"771","NL131",64.8126445567766
"772","HR031",25.6773010039071
"773","FRK24",426.145324737751
"774","FRH01",201.982154440716
"775","FRI11",141.791639138334
"776","LT026",19.1765290422045
"777","LT027",7.30337065014472
"778","NO022",106.698598862941
"779","FRL04",670.412907042179
"780","FRI23",128.311367981261
"781","FRY30",110.546655123338
"782","FRG01",455.96965586356
"783","MK003",15.8905190005432
"784","MK004",12.4492897920224
"785","NO041",63.1446412926179
"786","FRK25",246.698478133219
"787","FRI12",517.715393672009
"788","HR041",72.9072616058869
"789","MK005",16.100637727901
"790","MK006",23.4016022327853
"791","MK007",11.851807747408
"792","FRL05",359.450571457894
"793","FRI31",117.388248127788
"794","MK008",44.975710706599
"795","MT001",102.531831590082
"796","MT002",8.02773271528135
"797","NL111",44.7935728362577
"798","NL112",14.5327446907555
"799","FRK26",598.494084565666
"800","FRG02",269.884877885632
"801","NL113",126.651917287267
"802","NL124",105.331548225344
"803","NL125",44.5475252524698
"804","NL126",62.3150538243379
"805","FRL06",188.916664380972
"806","HR032",4.48412279047102
"807","NL132",55.8003824465102
"808","NL133",43.1679535178972
"809","NL211",121.574688140225
"810","NL212",51.7278178725152
"811","NL213",204.887220990095
"812","NL221",219.52663771637
"813","NO043",264.182008987948
"814","NO051",285.435615632167
"815","NO052",57.188755514761
"816","NO053",128.209343970872
"817","NO060",249.723674780735
"818","NO071",121.363915404956
"819","NO072",84.8022167018752
"820","NO073",39.39905652346
"821","FRG05",236.737896962266
"822","FRH02",291.324371839742
"823","NL224",79.7910794921156
"824","NL225",130.273440680885
"825","NL226",237.853246128111
"826","NL230",148.271948802322
"827","FR106",541.467075428831
"828","FR107",450.105387770346
"829","FR108",399.469056383053
"830","FRI21",82.2134678673077
"831","FRI14",115.225714882362
"832","NL310",429.53019741615
"833","NL321",122.670439206227
"834","NL323",64.5394855649692
"835","NL324",71.7685546025559
"836","NL325",55.0794028845077
"837","NL327",79.445047286462
"838","NL328",79.5185686418268
"839","FRL02",49.4227205497987
"840","FRB03",74.8800759344833
"841","FRK11",109.495349283252
"842","FRC14",114.441935232905
"843","FRF21",89.440214747849
"844","FRG04",193.835948082051
"845","FRK12",47.019823963529
"846","FRD22",402.460036632825
"847","FRD12",162.523465181902
"848","FRH03",360.043374766116
"849","FRJ22",93.9982564437155
"850","FRF11",376.584395266967
"851","FRF32",63.4761447643426
"852","FRI15",228.064444554539
"853","FRK27",147.389924384657
"854","FI1D1",20.6177112227455
"855","FRE22",271.265881776341
"856","FRC21",180.052315288462
"857","FRI33",126.283185297476
"858","FRL01",59.4808261093961
"859","FRF23",183.075277603303
"860","FI1D7",25.700210859889
"861","FRI34",147.168658677936
"862","FRM02",59.5178464449909
"863","FRY10",140.104864003467
"864","FI1D2",35.481752152948
"865","FRJ11",132.233223474288
"866","FRK22",112.183844117468
"867","FRC22",88.3861209319782
"868","FRD13",94.1604568920316
"869","FRJ12",258.307310587931
"870","FRM01",52.3253418813162
"871","FRF24",56.835609620705
"872","FRE23",187.87097432068
"873","FRJ13",385.393442868382
"874","FRK14",212.761106074964
"875","FRE12",473.437598656286
"876","FRF31",241.640472722751
"877","FRF22",102.16118070003
"878","FRJ14",26.271021138845
"879","FRJ15",164.145419879782
"880","FRJ23",478.093637700975
"881","FRJ24",66.6530282351262
"882","FI1D3",23.4591324909689
"883","FI1D8",10.382619278964
"884","FRJ25",61.3535144223319
"885","FRK13",77.4513961293022
"886","FRC23",81.4780496406545
"887","FRD21",204.082555654374
"888","FRI32",218.101035579577
"889","FRJ26",76.6717835079375
"890","FRK28",273.382732047127
"891","FRE21",175.316898590367
"892","FRJ27",133.459255739607
"893","FRK21",220.201297394445
"894","FRF12",257.594584492752
"895","FRI13",144.109791217813
"896","FI1D9",60.4410289801316
"897","FRJ21",54.3293986175091
"898","FI1C5",18.5826755217069
"899","FRE11",826.190815028349
"900","FI1D5",9.82648468745968
"901","FRC24",47.5309246456831
"902","FRB01",99.2206926831264
"903","FRJ28",91.9420546032972
"904","FRD11",230.256848969083
"905","FRB02",144.205617928347
"906","LT023",23.1429692813182
"907","LT024",10.7678324649382
"908","ITF32",319.750021002456
"909","ITF33",3395.20991798492
"910","ITF34",486.705922593283
"911","LV005",29.3677924473538
"912","ITF35",1226.12336754747
"913","ITF43",657.855848210399
"914","ITF44",446.849848024437
"915","NO032",159.075196114799
"916","MK001",11.0298211288717
"917","MK002",12.3034783532819
"918","ITI1A",252.736651872797
"919","ITI21",795.141328074514
"920","LT025",16.1209067775675
"921","HU333",7.38735549922713
"922","ITF46",673.423264067233
"923","ITF47",1398.57770488677
"924","ITF48",438.957632693843
"925","ITF51",412.257526311519
"926","ITF52",222.011846508581
"927","ITI11",224.608703518716
"928","NO042",99.800497531364
"929","ITH20",647.283222002407
"930","ITH31",1102.15885188072
"931","IE041",115.552061878835
"932","ITI12",453.018228112982
"933","ITI13",344.970231424109
"934","ITI14",1142.93208324273
"935","ITI15",295.590247826213
"936","NO033",141.119875934439
"937","ITC11",2627.6729715714
"938","ITF61",770.629917708796
"939","ITF62",182.722734554615
"940","ITF63",392.72197047224
"941","ITF64",171.682907078313
"942","ITG2A",63.1026328361384
"943","ITG2B",110.028397560187
"944","LT028",10.2859824639441
"945","LV009",24.4599810237857
"946","IE051",127.8377329408
"947","IE063",88.9659086610294
"948","ITH32",1041.76629963979
"949","ITH33",237.742656985788
"950","LV008",20.2600609498434
"951","ITC42",714.510297569309
"952","ITC43",410.14794954243
"953","ITC44",208.214160688619
"954","ITI16",369.123986187841
"955","ITI17",496.600368738818
"956","ITG2C",137.295924097523
"957","LT021",10.0845654089425
"958","LV006",60.095432451646
"959","ITC46",1358.21069877157
"960","ITC47",1550.44400330061
"961","ITF65",575.978654361409
"962","ITG11",468.200113615147
"963","ITH34",1084.92901674576
"964","LT029",9.76906989510351
"965","IS001",420.007149524553
"966","ITC48",662.22796093439
"967","ITI18",409.265108259195
"968","ITI19",317.557453492422
"969","LT022",40.4717759474262
"970","ITC49",285.190606983678
"971","ITC4A",430.784522917326
"972","ITG12",1389.04256852678
"973","ITG13",667.113926422503
"974","LU000",1096.84952771293
"975","LV003",26.204733784368
"976","ITC4B",496.045830098304
"977","ITC4C",3545.18228181362
"978","ITC4D",1033.65221254036
"979","ITH35",957.729410779515
"980","ITF11",338.297536523434
"981","ITF12",356.568205068892
"982","ITF13",368.523623143293
"983","NO031",164.349236694054
"984","ME000",47.2987730404619
"985","ITF14",437.922500937296
"986","ITF21",96.2858981192756
"987","ITF22",249.992079790675
"988","ITF31",1082.72388447978
"989","RS125",7.58454262391561
"990","RS126",7.38579843319837
"991","RS127",12.6241002344628
"992","PL842",9.3243203657074
"993","PL432",14.6633434941893
"994","PL514",14.1203658661917
"995","RS211",11.3597001918915
"996","RS212",6.89782867984273
"997","PT185",57.2250900569516
"998","PT186",25.0469326354527
"999","PL219",8.26547757781053
"1000","PL21A",12.6290436606778
"1001","SE213",51.2173847899776
"1002","PT11B",19.6302811174396
"1003","PT11C",97.3288197758429
"1004","PT11D",43.5698339705197
"1005","PL417",12.9928980100353
"1006","RS213",11.7888619027373
"1007","RS214",8.7458729416996
"1008","PL812",14.6573751601523
"1009","PL515",13.1932760272424
"1010","PL516",10.5576546890188
"1011","RS215",8.80645790810954
"1012","RS216",9.83009493544859
"1013","PL843",6.38581720737699
"1014","PL911",40.1334309243751
"1015","PT11E",24.9819607333735
"1016","PL224",11.8987120551153
"1017","PL225",15.5529800619759
"1018","PL227",14.6065114517887
"1019","RS217",14.3268314577765
"1020","RS218",12.5398238536721
"1021","PT150",111.941971945393
"1022","PT16H",19.1488223044138
"1023","PL418",15.8649766988413
"1024","RS221",4.6657823463808
"1025","RS222",7.35224848224833
"1026","PT16I",53.8912617905093
"1027","PL814",16.498895649635
"1028","PL517",21.1261342553669
"1029","PL616",9.25546977917017
"1030","RS223",4.54831038209724
"1031","RS224",8.46461640800239
"1032","RS225",16.1986783613117
"1033","PL912",15.2765205091239
"1034","PL913",15.7763336514868
"1035","RS226",3.52839675636561
"1036","RS227",8.17269629625902
"1037","RS228",5.56865670914499
"1038","PL22C",9.17690466962635
"1039","PL411",9.73977028051434
"1040","PL415",12.1958862518056
"1041","RS229",3.58441156945468
"1042","PL217",10.9350430078821
"1043","PL414",15.4627454588781
"1044","RO122",12.093710799333
"1045","PL424",9.16467066216708
"1046","RO123",4.68566119506122
"1047","RO216",8.13631963345893
"1048","SE122",65.1173238980073
"1049","RO221",6.59572053445302
"1050","RO316",16.5807744648463
"1051","PL428",12.3323291190759
"1052","PL431",9.01883646687417
"1053","RO317",7.99298084129929
"1054","RO321",42.8879361684759
"1055","RS110",76.1496044129491
"1056","PL214",17.2025241674121
"1057","PL218",12.7602019308549
"1058","RO424",16.1265280180957
"1059","RS121",7.11679724868988
"1060","PT112",95.477376196035
"1061","PT119",90.7645425947522
"1062","PT11A",387.712811606232
"1063","PL416",15.6100160763219
"1064","RS122",12.0024685019836
"1065","RS123",27.9790150986199
"1066","RS124",5.71578295610301
"1067","PL811",6.98280143540438
"1068","HU331",9.11294049664913
"1069","HU332",6.22926085885333
"1070","PT16D",83.5050233397787
"1071","PL713",13.6246335991595
"1072","ITH36",1124.2013756918
"1073","ITH37",272.055122516932
"1074","ITC13",200.450496537542
"1075","ITC14",182.247807897145
"1076","PL228",9.9507885948043
"1077","PL229",10.382008988406
"1078","PL22A",16.8455344795138
"1079","PL22B",15.9978313835787
"1080","PL821",11.2645259298016
"1081","PL822",9.17466528749309
"1082","ITI22",266.489129208135
"1083","ITI31",435.179759015703
"1084","ITI32",549.323316521274
"1085","HU311",12.5887028553155
"1086","ITC15",438.609620630032
"1087","PL426",8.42456851313415
"1088","PL427",10.16710658862
"1089","PL922",8.0326428838926
"1090","PL923",7.74310686198981
"1091","ITG16",192.553089886214
"1092","ITG17",1239.5230990384
"1093","ITG18",352.451927669723
"1094","ITC16",694.88020689959
"1095","HU312",5.77829559451823
"1096","PT16J",48.8191427453741
"1097","PT170",655.217645322466
"1098","ITH41",378.988762615557
"1099","ITH42",621.010211736016
"1100","HU313",3.61237460598404
"1101","ITC17",255.284059353234
"1102","PL518",14.1168782332093
"1103","PL714",10.4814524939133
"1104","PL823",14.7971519632348
"1105","ITI33",372.519532292237
"1106","ITI34",241.104204338805
"1107","ITI35",199.340715348618
"1108","ITI41",381.119175058369
"1109","ITC18",491.642217495964
"1110","HU321",12.0197172106532
"1111","PL523",8.52572495205634
"1112","PL924",9.10747376854015
"1113","ITG19",435.218509145381
"1114","ITG25",369.806917628595
"1115","HU322",7.03834501044124
"1116","IE042",124.523333255558
"1117","PL524",13.8403023301631
"1118","PL613",18.3783376839016
"1119","PL715",8.31769152299597
"1120","PL721",17.9924672922372
"1121","ITH43",158.158865452943
"1122","ITH44",245.760889427474
"1123","ITH51",345.780746171024
"1124","ITH52",521.512161915813
"1125","PL617",8.49505374807912
"1126","PL618",4.51758932084252
"1127","PL824",14.3911888985236
"1128","ITI42",182.232040360273
"1129","ITI43",4836.38108966212
"1130","PL619",8.43217652305642
"1131","PL925",9.76688633966807
"1132","ITG26",174.530478483326
"1133","ITG27",626.563059564854
"1134","ITH53",656.759018926762
"1135","PL622",14.6576854273369
"1136","PT16E",100.578752557214
"1137","PT16F",67.1763314127604
"1138","PT16G",59.6731727776495
"1139","ITH54",833.540630057074
"1140","ITH55",1172.20972436344
"1141","ITI44",659.282739906496
"1142","PL634",14.0738674447447
"1143","PL636",7.79188344896813
"1144","PL722",11.222723890577
"1145","ITI45",564.574501755805
"1146","LI000",51.4719827355896
"1147","ITG28",180.467607230319
"1148","ITH56",407.416223779411
"1149","PL637",5.40806655469291
"1150","PL638",10.4241773152791
"1151","PL711",15.3600556393098
"1152","PL841",11.7870050954947
"1153","ITG29",178.686209920069
"1154","ITH57",472.637478601102
"1155","IE053",185.832758770417
"1156","IE061",370.727320785935
"1157","ITF45",911.495965867785
"1158","PL621",12.4541578273828
"1159","PL926",6.10888650805947
"1160","PT111",54.4195568216181
"1161","ITH58",475.886928621672
"1162","ITH59",394.258003087622
"1163","ITC20",151.24865443044
"1164","ITC31",227.508135337971
"1165","ITC32",304.517911671908
"1166","PL623",6.85298909278268
"1167","PL633",16.8487807935749
"1168","PL712",9.0360426496088
"1169","PT181",21.3905910467348
"1170","PT184",26.8644317756354
"1171","PL213",17.2372927655748
"1172","ITH10",615.244783722569
"1173","HU323",11.03463221502
"1174","PL815",11.4310259305796
"1175","HU233",4.04976557946243
"1176","ITC12",200.007333723881
"1177","IE062",198.541396660409
"1178","PL921",14.1902406217225
"1179","PT16B",85.4881265926694
"1180","LT011",61.630317261479
"1181","ITG14",493.074951627599
"1182","ITG15",304.041436417067
"1183","IE052",118.041613558226
"1184","ITC33",910.282639827351
"1185","ITC34",244.801885309886
"1186","ITC41",1048.22782217165
"1187","UKG12",72.4667733880367
"1188","UKG13",71.8610969408257
"1189","UKG21",20.9713744826115
"1190","UKF22",88.9745465296427
"1191","UKF24",48.7327245294542
"1192","UKF25",42.1659496759637
"1193","SE313",62.1358173469448
"1194","UKM61",11.5607889518109
"1195","UKM62",25.0349878278549
"1196","UKM63",10.7438577978428
"1197","TR521",49.5710242523739
"1198","TR522",5.50348438932999
"1199","TR611",47.9239404394374
"1200","TR612",11.1840291627704
"1201","TR833",11.8861724789869
"1202","TR834",7.36036978602152
"1203","TR901",13.9882849871369
"1204","TR902",14.0460535983882
"1205","TR903",8.09099095731887
"1206","UKM92",18.2073314016943
"1207","TRC12",13.2710737597148
"1208","TRC13",2.83224188159835
"1209","TRC21",46.1483714686563
"1210","TRC22",38.7410179003189
"1211","TRC31",16.6157991547988
"1212","UKD36",75.1784455947086
"1213","UKD37",77.6769995066903
"1214","UKD41",18.7322976182519
"1215","UKD42",16.1393879020616
"1216","UKD44",29.3917095258669
"1217","UKE21",25.8935673913552
"1218","UKE22",75.8916577583586
"1219","UKF30",93.3433169787725
"1220","UKG11",23.185183092984
"1221","TR613",6.27945330639758
"1222","TR621",41.0925653065031
"1223","TR622",38.4081904620805
"1224","TR631",40.4858516072379
"1225","TR632",26.3087103978762
"1226","TR904",6.64857326936492
"1227","TR905",3.08222303893048
"1228","TR906",2.18206008757618
"1229","TRA11",14.5360779779232
"1230","TRC32",14.1851971176426
"1231","TRC33",13.2589401875146
"1232","TRC34",8.24812576139186
"1233","UKC11",35.7434770456091
"1234","UKC12",32.4800206776681
"1235","UKC13",13.6375866150525
"1236","UKD45",48.5582919448153
"1237","UKD46",39.3116569056766
"1238","UKD47",28.3969287380655
"1239","UKD61",25.7551472060049
"1240","UKE31",100.148706498431
"1241","UKE32",70.3285546190146
"1242","UKE41",69.2202505019515
"1243","UKE42",94.8621345457506
"1244","UKE44",80.6974259095867
"1245","SI033",15.785451392749
"1246","SI034",57.8910746868104
"1247","SI035",13.0043583114207
"1248","TR633",11.9055000796256
"1249","TR711",5.81403819150576
"1250","TR712",8.85889007660854
"1251","TR713",7.61975248803816
"1252","TR714",6.9024557305553
"1253","TR715",4.52013212304392
"1254","TR721",36.3636477260663
"1255","SE311",62.3726921428941
"1256","SE321",52.12556675709
"1257","UKL16",42.1082566886834
"1258","UKL17",35.2013454591676
"1259","UKC14",64.2253220483984
"1260","UKC21",38.5848934318976
"1261","UKL18",29.7769057048131
"1262","UKL21",29.8871599784594
"1263","UKN07",27.548772824218
"1264","UKK42",15.1850423534991
"1265","UKE45",40.4601851119042
"1266","UKF11",31.972457374828
"1267","UKF12",35.3229603609215
"1268","UKF13",63.6243361492677
"1269","UKH23",144.009719954329
"1270","UKH24",20.5497492600336
"1271","UKH25",34.3043422379404
"1272","UKH31",21.156219405292
"1273","UKH32",20.4323875240631
"1274","UKL24",16.6641542801561
"1275","TR722",14.2977707600933
"1276","TR723",8.40175529502866
"1277","TR811",14.7995047166558
"1278","TR812",5.76105524300959
"1279","TR813",3.8033982557041
"1280","SE322",28.6511213083642
"1281","SI036",17.1531070824373
"1282","UKJ14",85.147149789009
"1283","UKJ21",34.5915402738955
"1284","UKJ22",65.5473552871525
"1285","UKM50",60.6780762099883
"1286","UKC22",102.995627868801
"1287","UKC23",32.1941913466592
"1288","UKD11",27.9624968864243
"1289","UKD33",74.8266771119086
"1290","SI037",33.753902671588
"1291","SE312",63.575843648077
"1292","UKK13",75.56441284848
"1293","UKK14",28.5876274195037
"1294","UKL22",62.0353488879372
"1295","UKF14",40.7932592720498
"1296","UKF15",57.8097042543862
"1297","UKF16",42.438276713825
"1298","UKF21",45.5540222931441
"1299","SK023",25.0427278098929
"1300","SI038",12.0363947452583
"1301","UKL14",47.1102888340237
"1302","UKK41",31.4453570343046
"1303","UKM65",2.5435637552868
"1304","TR821",8.2160680712066
"1305","TR822",3.04771147668334
"1306","TR823",4.11514874770345
"1307","TR831",30.2263556149107
"1308","TR832",11.8588459901078
"1309","SI041",131.805376960923
"1310","SI042",47.1340208868404
"1311","UKL23",35.647498025204
"1312","TR424",6.58681398630739
"1313","TR425",6.2251797312163
"1314","TR510",139.414127594131
"1315","TR322",25.5182839764464
"1316","TRB21",28.4649510070017
"1317","UKD12",32.8816884476825
"1318","UKD34",59.5158307900018
"1319","UKD35",61.5051058047893
"1320","SI043",26.9162662507165
"1321","SE331",58.9981197931406
"1322","SE332",53.7067826051254
"1323","TRB22",8.58574215200306
"1324","TRB23",6.81640225512948
"1325","TRB24",6.75678707179862
"1326","TRC11",53.9062959421825
"1327","RO111",12.9534682105832
"1328","RO112",6.20384630739898
"1329","SK041",31.6461642928076
"1330","SE231",73.0239243421565
"1331","SE232",377.06278027963
"1332","RO211",12.7279721395333
"1333","RO212",8.8475785246985
"1334","SK021",20.8708200591433
"1335","SE123",103.672753111174
"1336","RO226",7.05636940819787
"1337","RO311",13.5282074106777
"1338","SK042",30.8210625412344
"1339","TR213",7.81068409353056
"1340","SE124",66.866413518103
"1341","SE125",59.703985978735
"1342","RO414",9.28171770387416
"1343","RO415",7.91637140490114
"1344","TR221",28.4246714655972
"1345","RO113",15.9408041779633
"1346","TR323",21.0226558502786
"1347","SE221",34.1321767424227
"1348","RO213",17.2331527035755
"1349","SK022",21.9919237830787
"1350","TR412",18.322685293763
"1351","TR413",6.38226921166739
"1352","TR421",34.9017883973927
"1353","SE211",79.8731402044115
"1354","RO312",356.337325716771
"1355","RO313",11.7123588728028
"1356","TR100",368.112258026592
"1357","TR211",24.1607800941352
"1358","TR212",8.88539635413636
"1359","SE224",314.085172423993
"1360","SE110",540.876068471091
"1361","RO421",9.450316168542
"1362","RO422",6.21221420551898
"1363","TR222",11.6566207614728
"1364","TR331",36.4396949154169
"1365","TR332",15.1788312668661
"1366","RO114",10.5646116103714
"1367","RO115",7.56417494312546
"1368","TR333",13.516574274957
"1369","TR334",8.61419661424672
"1370","TR411",76.5314035342378
"1371","TRA12",4.08217690930537
"1372","TRA13",1.40293067028501
"1373","SE121",84.8224505813974
"1374","RO214",9.49273416964473
"1375","RO215",13.7824137130825
"1376","TRA21",13.2526226594417
"1377","TRA22",6.53398564984402
"1378","TRA23",4.69441387672095
"1379","TRA24",2.04585840034531
"1380","UKD62",46.7926625641394
"1381","PT187",36.3155078453717
"1382","RO124",6.98114620013097
"1383","RO314",6.88307695324831
"1384","RO315",6.66257511210815
"1385","UKD63",40.8641830738106
"1386","UKD71",54.1591532420983
"1387","UKD72",57.7448283940409
"1388","TR321",24.2795966999905
"1389","RO222",9.72167274433179
"1390","RO223",15.3785959547332
"1391","RO423",8.55913465261642
"1392","RO116",4.80069800853086
"1393","TR310",97.3366595148565
"1394","TRB11",15.9310937365979
"1395","RO322",12.6369336259884
"1396","RO411",14.1288755979633
"1397","RO121",7.25272832178764
"1398","SI031",25.3715958556864
"1399","TRB12",13.2613642702604
"1400","TRB13",6.15439666124233
"1401","TRB14",1.5081879287937
"1402","UKD73",32.0726254618868
"1403","UKD74",38.3781888207159
"1404","UKE11",31.5297058332035
"1405","PT200",51.1709442087869
"1406","PT300",57.2758692717868
"1407","SI032",73.3749237841938
"1408","SI044",25.9888942356311
"1409","UKE12",42.3326074132218
"1410","UKE13",40.8676595089633
"1411","TR422",22.6631955170327
"1412","TR423",8.8168546103683
"1413","RO125",12.3189051661713
"1414","RO126",8.81560739806676
"1415","SK010",23.023936102078
"1416","SK031",25.7103806576285
"1417","SE214",12.3753838047894
"1418","RO224",11.0622353604508
"1419","RO225",4.39530750602833
"1420","SK032",24.8720541628273
"1421","SE212",44.5161341262701
"1422","RO412",7.14917347721382
"1423","RO413",5.46110546043379
"1424","UKM83",41.4371237184226
"1425","UKM84",42.3479384168348
"1426","UKG23",30.4850540372156
"1427","UKG31",139.205331819659
"1428","UKH36",38.7228083652843
"1429","UKH37",43.2795853324042
"1430","UKI31",30.2291024417279
"1431","UKI32",30.1619699149629
"1432","UKI33",43.4290041743062
"1433","UKI34",41.2692518682369
"1434","UKI41",80.3777296148662
"1435","UKI42",36.1249121138559
"1436","UKJ28",48.648581224824
"1437","UKJ31",25.8401275698584
"1438","UKJ32",29.4261571522829
"1439","UKJ34",16.1373480415219
"1440","UKJ35",53.7331127206442
"1441","UKM94",13.4769249743254
"1442","UKM95",39.6199133910116
"1443","UKN06",40.7327572346733
"1444","UKN09",19.026269424003
"1445","UKN10",18.7543552599478
"1446","UKM82",72.2924463784351
"1447","UKH14",94.0068636285047
"1448","UKH15",45.0366367413095
"1449","UKJ11",109.626388735895
"1450","UKJ12",35.0676233629716
"1451","UKJ13",66.0025345188675
"1452","UKM91",14.5302301528248
"1453","UKM93",30.7301728797816
"1454","UKJ46",45.787833295121
"1455","UKK11",56.0391731755557
"1456","UKK12",82.1621513521597
"1457","UKL12",14.4253177875328
"1458","UKL13",24.4871212545725
"1459","UKM66",2.55959348654534
"1460","UKM71",31.7429523261531
"1461","UKM72",50.2833239531596
"1462","UKH34",57.8759073437704
"1463","UKH35",37.2390794160194
"1464","UKJ25",95.581756622372
"1465","UKH16",31.4001200161427
"1466","UKH17",33.6092550458515
"1467","UKN11",19.298739742272
"1468","UKN12",18.0020765620053
"1469","UKN13",18.3340233315753
"1470","UKJ26",49.6030889064793
"1471","UKJ27",52.2613099800432
"1472","UKK15",61.6146625290828
"1473","UKM73",22.631572106518
"1474","UKM75",60.1741326227085
"1475","UKM76",20.0167084384005
"1476","UKM78",23.0269638176259
"1477","UKK21",41.9584268582439
"1478","UKK23",67.6335104806981
"1479","UKL11",8.28306958487411
"1480","UKG32",25.5042952618665
"1481","UKG22",39.8078331866498
"1482","UKG33",39.4399268053098
"1483","UKG36",37.7282236454091
"1484","UKI43",64.239725499899
"1485","UKK22",51.6799421851423
"1486","UKI44",75.3438288904466
"1487","UKI45",39.776013624552
"1488","UKI51",63.3479331608639
"1489","UKI52",54.7193381598971
"1490","UKG24",109.494020262497
"1491","UKI53",75.1365700103197
"1492","UKI54",42.7498663539051
"1493","UKI61",39.7774803634614
"1494","UKI62",47.599749788525
"1495","UKJ36",67.6932282463699
"1496","UKJ37",45.0630003363074
"1497","UKM64",3.15919206370314
"1498","UKJ41",32.4618316069773
"1499","UKM77",30.3459947458367
"1500","UKM81",25.2438171366598
"1501","UKK30",65.6730725332081
"1502","UKN14",18.2411003314428
"1503","UKN15",16.9969965522736
"1504","UKG37",39.9890565085013
"1505","UKG38",34.031558965097
"1506","UKG39",30.5632474343935
"1507","UKH11",26.0940034847045
"1508","UKH12",82.8509606000736
"1509","UKH21",25.3640821861527
"1510","UKI63",70.6373465206095
"1511","UKI71",48.6970213142031
"1512","UKI72",43.0089663478229
"1513","UKI73",44.512535863003
"1514","UKI74",70.0627392986249
"1515","UKI75",61.4116379620541
"1516","UKJ43",43.0822919816795
"1517","UKN08",22.6192726146868
"1518","UKN16",14.7169612866605
"1519","UKJ44",62.6639841351972
"1520","UKJ45",36.840371517583
"1521","UKL15",35.9353370524563
"1522","UKK43",93.7470510030859
