iso3c,country,continent,region,INCOME_GRP,value,pop.col,lockdown,social_distancing,case_test,restrictions_intl,npi.date,R0.EG,R0.EG.low,R0.EG.high,R0.ML,R0.ML.low,R0.ML.high,totalcase,firstcase
ABW,Aruba,Americas,Caribbean,2. High income: nonOECD,106441,<1 million,NA,NA,NA,NA,NA,2.397439702,2.246211283,2.58118347,2.216115725,2.016632461,2.431043521,74,2020-3-13
AFG,Afghanistan,Asia,Southern Asia,5. Low income,38054945,10-100 million,NA,2020-3-1,NA,2020-2-1,2020-3-1,2.494594133,2.152041424,2.875418405,2.42509253,2.005133337,2.883088149,367,2020-2-25
AGO,Angola,Africa,Middle Africa,3. Upper middle income,32827403,10-100 million,2020-3-26,2020-3-23,NA,2020-3-1,2020-3-26,2.397439702,2.246211283,2.58118347,2.216115725,2.016632461,2.431043521,17,2020-3-22
AIA,Anguilla,Americas,Caribbean,3. Upper middle income,18090,<1 million,NA,NA,NA,NA,NA,2.397439702,2.246211283,2.58118347,2.216115725,2.016632461,2.431043521,3,2020-3-27
ALA,?land Islands,Europe,Northern Europe,NA,30506,<1 million,NA,NA,NA,NA,NA,2.397439702,2.246211283,2.58118347,2.216115725,2.016632461,2.431043521,0,2020-4-8
ALB,Albania,Europe,Southern Europe,4. Lower middle income,2942033,1-10 million,2020-4-2,2020-3-10,NA,2020-3-9,2020-4-2,1.923978429,1.659574921,2.202539602,2.000010908,1.639086764,2.398100576,383,2020-3-9
AND,Andorra,Europe,Southern Europe,2. High income: nonOECD,85635,<1 million,NA,NA,NA,NA,NA,2.708218637,2.318377527,3.205601235,2.700208345,2.267685085,3.181036936,545,2020-3-3
ARE,United Arab Emirates,Asia,Western Asia,2. High income: nonOECD,9813168,1-10 million,NA,2020-3-8,NA,2020-1-2,2020-3-8,2.572489342,2.466943506,2.685483123,2.431799845,2.270252965,2.604938152,2359,2020-1-27
ARG,Argentina,Americas,South America,3. Upper middle income,45510413,10-100 million,2020-3-19,2020-3-12,NA,2020-3-11,2020-3-19,2.546825812,2.392827388,2.714044957,2.299585269,2.107106166,2.503464564,1715,2020-3-4
ARM,Armenia,Asia,Western Asia,4. Lower middle income,2938682,1-10 million,NA,2020-3-2,NA,2020-2-24,2020-3-2,2.066915814,1.900002197,2.233346573,1.985561059,1.764833842,2.223868564,853,2020-3-1
ASM,American Samoa,Oceania,Polynesia,3. Upper middle income,49437,<1 million,NA,NA,NA,NA,NA,2.397439702,2.246211283,2.58118347,2.216115725,2.016632461,2.431043521,0,2020-4-8
ATG,Antigua & Barbuda,Americas,Caribbean,3. Upper middle income,105106,<1 million,NA,2020-3-15,NA,2020-3-15,2020-3-15,2.397439702,2.246211283,2.58118347,2.216115725,2.016632461,2.431043521,15,2020-3-15
AUS,Australia,Oceania,Australia and New Zealand,1. High income: OECD,25398179,10-100 million,2020-3-29,2020-3-13,NA,2020-3-1,2020-3-29,3.106270225,2.99673242,3.221601705,2.799982799,2.661731553,2.943010082,5956,2020-1-25
AUT,Austria,Europe,Western Europe,1. High income: OECD,8782212,1-10 million,2020-3-16,2020-3-10,NA,2020-3-10,2020-3-16,2.864957298,2.793393042,2.93880953,2.532382141,2.447541679,2.619166427,12640,2020-2-26
AZE,Azerbaijan,Asia,Western Asia,3. Upper middle income,10099745,10-100 million,NA,2020-3-1,NA,2020-2-29,2020-3-1,2.568221551,2.340040715,2.798574159,2.376340388,2.088576748,2.69346081,717,2020-2-29
BDI,Burundi,Africa,Eastern Africa,5. Low income,11939223,10-100 million,NA,NA,NA,2020-3-22,NA,2.397439702,2.246211283,2.58118347,2.216115725,2.016632461,2.431043521,3,2020-4-1
BEL,Belgium,Europe,Western Europe,1. High income: OECD,11619957,10-100 million,2020-3-18,2020-3-13,NA,2020-3-18,2020-3-18,2.664117585,2.620017621,2.709196579,2.369176627,2.311847993,2.427473572,22194,2020-2-4
BEN,Benin,Africa,Western Africa,5. Low income,12122982,10-100 million,2020-3-30,2020-3-19,NA,2020-3-17,2020-3-30,2.397439702,2.246211283,2.58118347,2.216115725,2.016632461,2.431043521,26,2020-3-17
BES,Caribbean Netherlands,Americas,Caribbean,NA,26854,<1 million,NA,NA,NA,NA,NA,2.397439702,2.246211283,2.58118347,2.216115725,2.016632461,2.431043521,2,2020-4-2
BFA,Burkina Faso,Africa,Western Africa,5. Low income,20903348,10-100 million,NA,2020-3-12,NA,2020-3-12,2020-3-12,2.279652195,1.927870881,2.717118552,2.392296641,1.953440905,2.870083525,384,2020-3-11
BGD,Bangladesh,Asia,Southern Asia,5. Low income,169775310,>100 million,NA,NA,NA,2020-3-16,NA,2.397439702,2.246211283,2.58118347,2.216115725,2.016632461,2.431043521,164,2020-3-9
BGR,Bulgaria,Europe,Eastern Europe,3. Upper middle income,6940522,1-10 million,2020-3-13,2020-3-11,NA,2020-3-13,2020-3-13,2.017680116,1.793168595,2.268025606,1.990035647,1.709164456,2.311104676,577,2020-3-8
BHR,Bahrain,Asia,Western Asia,2. High income: nonOECD,1697767,1-10 million,NA,2020-2-26,NA,2020-3-1,2020-2-26,1.508926568,1.430070987,1.59445645,1.481416471,1.314439459,1.656533286,811,2020-2-24
BHS,Bahamas,Americas,Caribbean,2. High income: nonOECD,406835,<1 million,NA,2020-3-12,NA,2020-3-7,2020-3-12,2.397439702,2.246211283,2.58118347,2.216115725,2.016632461,2.431043521,36,2020-3-16
BIH,Bosnia & Herzegovina,Europe,Southern Europe,3. Upper middle income,3498213,1-10 million,2020-3-12,2020-3-12,NA,2020-3-12,2020-3-12,2.36873235,2.135121618,2.616276965,2.282404954,2.007858632,2.5788482,781,2020-3-6
BLM,St. Barth?lemy,Americas,Caribbean,1. High income: OECD,7122,<1 million,NA,NA,NA,NA,NA,2.397439702,2.246211283,2.58118347,2.216115725,2.016632461,2.431043521,0,2020-4-8
BLR,Belarus,Europe,Eastern Europe,3. Upper middle income,9415432,1-10 million,NA,2020-3-14,2020-3-18,2020-3-14,2020-3-14,2.836453445,2.596604531,3.094422379,2.835352442,2.50752174,3.17629827,861,2020-2-28
BLZ,Belize,Americas,Central America,4. Lower middle income,397999,<1 million,NA,2020-3-16,NA,2020-2-8,2020-3-16,2.397439702,2.246211283,2.58118347,2.216115725,2.016632461,2.431043521,7,2020-3-24
BMU,Bermuda,Americas,Northern America,2. High income: nonOECD,71750,<1 million,NA,NA,NA,NA,NA,2.397439702,2.246211283,2.58118347,2.216115725,2.016632461,2.431043521,39,2020-3-20
BOL,Bolivia,Americas,South America,4. Lower middle income,11543980,10-100 million,2020-3-16,2020-3-14,NA,2020-3-14,2020-3-16,2.479766,1.907409124,3.224724559,2.5737101,1.925908103,3.343181922,210,2020-3-12
BRA,Brazil,Americas,South America,3. Upper middle income,213863051,>100 million,NA,2020-3-16,NA,2020-3-18,2020-3-16,2.509922806,2.463818054,2.557173218,2.202482694,2.140822627,2.265245996,13717,2020-2-26
BRB,Barbados,Americas,Caribbean,2. High income: nonOECD,287563,<1 million,NA,2020-3-11,NA,2020-2-5,2020-3-11,2.397439702,2.246211283,2.58118347,2.216115725,2.016632461,2.431043521,63,2020-3-18
BRN,Brunei,Asia,South-Eastern Asia,2. High income: nonOECD,444514,<1 million,2020-3-18,2020-3-18,NA,2020-3-14,2020-3-18,2.397439702,2.246211283,2.58118347,2.216115725,2.016632461,2.431043521,135,2020-3-10
BTN,Bhutan,Asia,Southern Asia,4. Lower middle income,835252,<1 million,NA,NA,NA,2020-1-31,NA,2.397439702,2.246211283,2.58118347,2.216115725,2.016632461,2.431043521,5,2020-3-6
BWA,Botswana,Africa,Southern Africa,3. Upper middle income,2484607,1-10 million,2020-4-2,2020-3-16,NA,2020-3-13,2020-4-2,2.397439702,2.246211283,2.58118347,2.216115725,2.016632461,2.431043521,7,2020-4-1
CAF,Central African Republic,Africa,Middle Africa,5. Low income,4920883,1-10 million,NA,2020-3-13,NA,2020-1-29,2020-3-13,2.397439702,2.246211283,2.58118347,2.216115725,2.016632461,2.431043521,9,2020-3-16
CAN,Canada,Americas,Northern America,1. High income: OECD,37603216,10-100 million,NA,2020-3-13,NA,2020-2-29,2020-3-13,2.726239744,2.682504719,2.771023407,2.336245378,2.277827345,2.39555457,17883,2020-1-26
CHE,Switzerland,Europe,Western Europe,1. High income: OECD,8670541,1-10 million,2020-3-23,2020-2-28,NA,2020-2-13,2020-3-23,2.440445409,2.402589982,2.479199835,2.113443178,2.062653636,2.165106269,22164,2020-2-26
CHL,Chile,Americas,South America,3. Upper middle income,18896464,10-100 million,2020-3-26,2020-3-15,NA,2020-3-10,2020-3-26,2.543145422,2.458858611,2.62596907,2.245415611,2.139957773,2.354247838,5116,2020-3-4
CHN,China,Asia,Eastern Asia,3. Upper middle income,1424548268,>100 million,2020-1-23,2020-1-23,NA,2020-1-27,2020-1-23,3.011639075,2.975363162,3.048478945,2.591138435,2.549663105,2.63300703,82784,2019-12-2
CIV,C?te d?Ivoire,Africa,Western Africa,4. Lower middle income,26171752,10-100 million,NA,2020-3-16,NA,2020-3-19,2020-3-16,2.474234631,2.0208523,2.970744167,2.524868771,2.062857722,3.051178644,349,2020-3-12
CMR,Cameroon,Africa,Middle Africa,4. Lower middle income,25958179,10-100 million,NA,2020-3-18,2020-4-2,2020-3-7,2020-3-18,3.050508721,2.738001475,3.422761334,2.904389871,2.53331729,3.301898441,685,2020-3-7
COD,Congo - Kinshasa,Africa,Middle Africa,5. Low income,89505184,10-100 million,2020-3-28,2020-3-18,NA,2020-3-20,2020-3-28,2.397439702,2.246211283,2.58118347,2.216115725,2.016632461,2.431043521,180,2020-3-11
COG,Congo - Brazzaville,Africa,Middle Africa,4. Lower middle income,5686918,1-10 million,2020-3-31,2020-3-19,NA,2020-3-21,2020-3-31,2.397439702,2.246211283,2.58118347,2.216115725,2.016632461,2.431043521,45,2020-3-16
COK,Cook Islands,Oceania,Polynesia,3. Upper middle income,8574,<1 million,NA,NA,NA,NA,NA,2.397439702,2.246211283,2.58118347,2.216115725,2.016632461,2.431043521,0,2020-4-8
COL,Colombia,Americas,South America,3. Upper middle income,50220406,10-100 million,2020-3-25,2020-3-16,NA,2020-3-12,2020-3-25,2.296525495,2.166189306,2.436310447,2.142248171,1.970801621,2.324069705,1780,2020-3-7
COM,Comoros,Africa,Eastern Africa,5. Low income,869595,<1 million,NA,2020-3-16,NA,2020-3-10,2020-3-16,2.397439702,2.246211283,2.58118347,2.216115725,2.016632461,2.431043521,0,2020-4-8
CPV,Cape Verde,Africa,Western Africa,4. Lower middle income,567346,<1 million,NA,2020-3-27,NA,2020-3-2,2020-3-27,2.397439702,2.246211283,2.58118347,2.216115725,2.016632461,2.431043521,7,2020-3-21
CRI,Costa Rica,Americas,Central America,3. Upper middle income,5044180,1-10 million,NA,2020-3-15,NA,2020-3-18,2020-3-15,2.277628236,1.98719171,2.617240104,2.290068052,1.914713419,2.710093257,483,2020-3-7
CUB,Cuba,Americas,Caribbean,3. Upper middle income,11495479,10-100 million,NA,2020-3-24,NA,2020-3-23,2020-3-24,2.603447159,2.214832208,3.04489995,2.59793658,2.159274938,3.086032421,396,2020-3-12
CUW,Cura?ao,Americas,Caribbean,2. High income: nonOECD,163500,<1 million,NA,NA,NA,NA,NA,2.397439702,2.246211283,2.58118347,2.216115725,2.016632461,2.431043521,13,2020-3-13
CYM,Cayman Islands,Americas,Caribbean,2. High income: nonOECD,61944,<1 million,NA,NA,NA,NA,NA,2.397439702,2.246211283,2.58118347,2.216115725,2.016632461,2.431043521,45,2020-3-20
CYP,Cyprus,Asia,Western Asia,2. High income: nonOECD,1207350,1-10 million,2020-3-24,2020-3-9,NA,2020-3-15,2020-3-24,2.06052807,1.825434874,2.298181467,2.050495031,1.74434233,2.384893193,494,2020-3-10
CZE,Czechia,Europe,Eastern Europe,1. High income: OECD,10633428,10-100 million,2020-3-16,2020-3-12,NA,2020-3-16,2020-3-16,2.434192265,2.34676524,2.525777513,2.19023264,2.079837878,2.304481207,5017,2020-3-2
DEU,Germany,Europe,Western Europe,1. High income: OECD,82540447,10-100 million,2020-3-21,2020-3-10,NA,2020-2-29,2020-3-21,2.52252337,2.505760967,2.539515989,2.100505648,2.077350113,2.12376286,103228,2020-1-28
DJI,Djibouti,Africa,Eastern Africa,4. Lower middle income,999900,<1 million,NA,NA,NA,2020-3-18,NA,2.397439702,2.246211283,2.58118347,2.216115725,2.016632461,2.431043521,121,2020-3-19
DMA,Dominica,Americas,Caribbean,3. Upper middle income,67932,<1 million,NA,NA,NA,2020-3-5,NA,2.397439702,2.246211283,2.58118347,2.216115725,2.016632461,2.431043521,15,2020-3-23
DNK,Denmark,Europe,Northern Europe,1. High income: OECD,5796797,1-10 million,NA,2020-3-11,NA,2020-3-12,2020-3-11,1.745610244,1.704246307,1.79119751,1.698760297,1.622546135,1.77694554,5071,2020-2-27
DOM,Dominican Republic,Americas,Caribbean,3. Upper middle income,11189162,10-100 million,NA,2020-3-19,NA,2020-3-15,2020-3-19,2.94078656,2.754088321,3.147222676,2.652428888,2.448115891,2.867785799,1956,2020-3-2
DZA,Algeria,Africa,Northern Africa,3. Upper middle income,43333263,10-100 million,2020-3-23,2020-3-12,NA,2020-3-12,2020-3-23,2.631882153,2.47605177,2.798040044,2.415267594,2.208500454,2.633419143,1468,2020-2-26
ECU,Ecuador,Americas,South America,3. Upper middle income,17335642,10-100 million,2020-3-23,2020-3-2,NA,2020-3-2,2020-3-23,2.362386392,2.283548089,2.444206178,2.030679257,1.927818381,2.137163238,3995,2020-3-1
EGY,Egypt,Africa,Northern Africa,4. Lower middle income,102941485,>100 million,NA,2020-3-15,NA,2020-3-16,2020-3-15,1.772492406,1.685142949,1.86480001,1.700222158,1.555391728,1.851742766,1322,2020-2-15
ERI,Eritrea,Africa,Eastern Africa,5. Low income,5432210,1-10 million,2020-4-2,2020-3-17,NA,2020-3-17,2020-4-2,2.397439702,2.246211283,2.58118347,2.216115725,2.016632461,2.431043521,31,2020-3-22
ESH,Western Sahara,Africa,Northern Africa,5. Low income,597330,<1 million,NA,NA,NA,NA,NA,2.397439702,2.246211283,2.58118347,2.216115725,2.016632461,2.431043521,0,2020-4-8
ESP,Spain,Europe,Southern Europe,1. High income: OECD,46459218,10-100 million,2020-3-13,2020-3-13,NA,2020-3-11,2020-3-13,2.683071818,2.665389022,2.700914718,2.318193442,2.295389486,2.341140766,140510,2020-2-1
EST,Estonia,Europe,Northern Europe,1. High income: OECD,1300557,1-10 million,2020-3-30,2020-3-12,NA,2020-3-11,2020-3-30,1.905871087,1.772809036,2.0511821,1.8499246,1.65884999,2.048684809,1149,2020-2-28
ETH,Ethiopia,Africa,Eastern Africa,5. Low income,115983281,>100 million,NA,2020-3-16,NA,2020-3-23,2020-3-16,2.397439702,2.246211283,2.58118347,2.216115725,2.016632461,2.431043521,52,2020-3-14
FIN,Finland,Europe,Northern Europe,1. High income: OECD,5580128,1-10 million,2020-3-13,2020-3-13,NA,2020-3-7,2020-3-13,1.747275742,1.681080994,1.816113328,1.640306971,1.532841432,1.751119836,2308,2020-1-30
FJI,Fiji,Oceania,Melanesia,4. Lower middle income,924918,<1 million,2020-3-19,2020-3-19,NA,2020-3-7,2020-3-19,2.397439702,2.246211283,2.58118347,2.216115725,2.016632461,2.431043521,15,2020-3-20
FLK,Falkland Islands,Americas,South America,1. High income: OECD,77667,<1 million,NA,NA,NA,NA,NA,2.397439702,2.246211283,2.58118347,2.216115725,2.016632461,2.431043521,5,2020-4-4
FRA,France,Europe,Western Europe,1. High income: OECD,65721164,10-100 million,2020-3-17,2020-2-29,NA,2020-3-16,2020-3-17,2.398620094,2.381640468,2.415793753,2.055135432,2.029776934,2.080646833,78167,2020-1-25
FRO,Faroe Islands,Europe,Northern Europe,2. High income: nonOECD,51628,<1 million,NA,NA,NA,NA,NA,2.397439702,2.246211283,2.58118347,2.216115725,2.016632461,2.431043521,184,2020-3-20
FSM,Micronesia (Federated States of),Oceania,Micronesia,4. Lower middle income,107780,<1 million,NA,2020-3-20,NA,2020-3-16,2020-3-20,2.397439702,2.246211283,2.58118347,2.216115725,2.016632461,2.431043521,0,2020-4-8
GAB,Gabon,Africa,Middle Africa,3. Upper middle income,2293492,1-10 million,NA,2020-3-7,NA,2020-3-13,2020-3-7,2.397439702,2.246211283,2.58118347,2.216115725,2.016632461,2.431043521,30,2020-3-13
GBR,United Kingdom,Europe,Northern Europe,1. High income: OECD,67334204,10-100 million,2020-3-20,2020-3-16,NA,2020-3-24,2020-3-20,2.632459869,2.608535392,2.65664256,2.273823739,2.241188312,2.306785312,55242,2020-1-31
GEO,Georgia,Asia,Western Asia,4. Lower middle income,3898524,1-10 million,2020-3-23,2020-3-18,NA,2020-3-15,2020-3-23,2.397439702,2.246211283,2.58118347,2.216115725,2.016632461,2.431043521,196,2020-2-27
GGY,Guernsey,Europe,Northern Europe,2. High income: nonOECD,67052,<1 million,NA,NA,NA,NA,NA,2.397439702,2.246211283,2.58118347,2.216115725,2.016632461,2.431043521,166,2020-3-20
GHA,Ghana,Africa,Western Africa,4. Lower middle income,29042130,10-100 million,2020-3-30,2020-3-16,NA,2020-3-10,2020-3-30,3.122459733,2.320571353,4.223096801,3.498494544,2.671702547,4.491772433,287,2020-3-13
GIB,Gibraltar,Europe,Southern Europe,1. High income: OECD,29581,<1 million,NA,NA,NA,NA,NA,2.397439702,2.246211283,2.58118347,2.216115725,2.016632461,2.431043521,113,2020-3-20
GIN,Guinea,Africa,Western Africa,5. Low income,13750824,10-100 million,NA,2020-3-26,NA,2020-3-21,2020-3-26,2.397439702,2.246211283,2.58118347,2.216115725,2.016632461,2.431043521,144,2020-3-14
GLP,Guadeloupe,Americas,Caribbean,NA,448433,<1 million,NA,NA,NA,NA,NA,2.397439702,2.246211283,2.58118347,2.216115725,2.016632461,2.431043521,0,2020-4-8
GMB,Gambia,Africa,Western Africa,5. Low income,2293492,1-10 million,NA,2020-3-18,NA,2020-3-13,2020-3-18,2.397439702,2.246211283,2.58118347,2.216115725,2.016632461,2.431043521,4,2020-3-18
GNB,Guinea-Bissau,Africa,Western Africa,5. Low income,2000694,1-10 million,NA,2020-3-17,NA,2020-3-11,2020-3-17,2.397439702,2.246211283,2.58118347,2.216115725,2.016632461,2.431043521,33,2020-3-27
GNQ,Equatorial Guinea,Africa,Middle Africa,2. High income: nonOECD,1406276,1-10 million,NA,2020-3-17,NA,2020-3-15,2020-3-17,2.397439702,2.246211283,2.58118347,2.216115725,2.016632461,2.431043521,16,2020-3-15
GRC,Greece,Europe,Southern Europe,1. High income: OECD,11102567,10-100 million,2020-3-17,2020-3-11,NA,2020-3-9,2020-3-17,1.888691488,1.801730284,1.988025303,1.767091299,1.626896467,1.912525221,1832,2020-2-27
GRD,Grenada,Americas,Caribbean,3. Upper middle income,109313,<1 million,NA,2020-3-13,NA,2020-3-16,2020-3-13,2.397439702,2.246211283,2.58118347,2.216115725,2.016632461,2.431043521,12,2020-3-23
GRL,Greenland,Americas,Northern America,2. High income: nonOECD,55454,<1 million,NA,NA,NA,NA,NA,2.397439702,2.246211283,2.58118347,2.216115725,2.016632461,2.431043521,11,2020-3-20
GTM,Guatemala,Americas,Central America,4. Lower middle income,17910807,10-100 million,NA,2020-3-14,NA,2020-3-12,2020-3-14,2.397439702,2.246211283,2.58118347,2.216115725,2.016632461,2.431043521,80,2020-3-15
GUF,French Guiana,Americas,South America,NA,303980,<1 million,NA,NA,NA,NA,NA,2.397439702,2.246211283,2.58118347,2.216115725,2.016632461,2.431043521,0,2020-4-8
GUM,Guam,Oceania,Micronesia,2. High income: nonOECD,168729,<1 million,NA,NA,NA,NA,NA,2.397439702,2.246211283,2.58118347,2.216115725,2.016632461,2.431043521,121,2020-3-19
GUY,Guyana,Americas,South America,4. Lower middle income,790778,<1 million,NA,NA,NA,NA,NA,2.397439702,2.246211283,2.58118347,2.216115725,2.016632461,2.431043521,33,2020-3-13
HKG,Hong Kong SAR China,Asia,Eastern Asia,2. High income: nonOECD,7547651,1-10 million,NA,NA,NA,NA,NA,1.705176231,1.630115646,1.789476893,1.859680676,1.658094768,2.076244898,863,2020-1-23
HND,Honduras,Americas,Central America,4. Lower middle income,9719731,1-10 million,2020-4-6,2020-3-16,NA,2020-3-11,2020-4-6,2.791405688,2.287328365,3.391363515,2.887914072,2.285002239,3.563608836,312,2020-3-12
HRV,Croatia,Europe,Southern Europe,2. High income: nonOECD,4115942,1-10 million,NA,2020-3-16,NA,2020-3-19,2020-3-16,2.813363899,2.592909497,3.052092495,2.532478321,2.280964697,2.801763927,1282,2020-2-26
HTI,Haiti,Americas,Caribbean,5. Low income,10738247,10-100 million,2020-3-20,2020-3-20,NA,2020-3-20,2020-3-20,2.397439702,2.246211283,2.58118347,2.216115725,2.016632461,2.431043521,25,2020-3-20
HUN,Hungary,Europe,Eastern Europe,1. High income: OECD,9621251,1-10 million,2020-3-17,2020-3-9,2020-3-3,2020-3-2,2020-3-17,2.39625931,2.188949092,2.626870343,2.248803291,1.983028836,2.536769581,895,2020-3-5
IDN,Indonesia,Asia,South-Eastern Asia,4. Lower middle income,272222982,>100 million,NA,NA,NA,2020-2-2,NA,2.167249844,2.076162618,2.261875565,1.973697158,1.848769416,2.104463642,2738,2020-3-2
IMN,Isle of Man,Europe,Northern Europe,2. High income: nonOECD,90499,<1 million,NA,NA,NA,NA,NA,2.397439702,2.246211283,2.58118347,2.216115725,2.016632461,2.431043521,150,2020-3-21
IND,India,Asia,Southern Asia,4. Lower middle income,691600020,>100 million,2020-3-16,2020-3-9,NA,2020-2-26,2020-3-16,2.738242209,2.648763602,2.8311683,2.52457564,2.403912419,2.648533007,5194,2020-1-30
IRL,Ireland,Europe,Northern Europe,1. High income: OECD,4887990,1-10 million,2020-3-28,2020-3-12,NA,2020-3-24,2020-3-28,2.377723227,2.303774538,2.450275552,2.068201831,1.977634676,2.161452559,5709,2020-3-1
IRN,Iran,Asia,Southern Asia,3. Upper middle income,83121554,10-100 million,2020-3-14,2020-2-27,NA,2020-1-31,2020-3-14,1.785260912,1.773586408,1.797138831,1.646029521,1.623616655,1.668620764,62589,2020-2-20
IRQ,Iraq,Asia,Western Asia,4. Lower middle income,41502883,10-100 million,2020-3-11,2020-3-11,NA,2020-2-26,2020-3-11,2.037682352,1.9074639,2.172785159,1.964695966,1.755825537,2.187826041,1031,2020-2-25
ISL,Iceland,Europe,Northern Europe,1. High income: OECD,343235,<1 million,NA,2020-3-16,2020-3-13,2020-3-20,2020-3-16,2.20686726,2.072740477,2.365605521,2.091502895,1.902665783,2.292495191,1586,2020-2-29
ISR,Israel,Asia,Western Asia,1. High income: OECD,8713564,1-10 million,2020-3-17,2020-3-5,NA,2020-2-3,2020-3-17,2.537086163,2.47922714,2.596325058,2.196067009,2.120356947,2.273609703,9248,2020-2-22
ITA,Italy,Europe,Southern Europe,1. High income: OECD,49572358,10-100 million,2020-2-23,2020-2-21,NA,2020-1-31,2020-2-23,2.357085686,2.342430646,2.371871876,2.029086555,2.007914075,2.050451726,135586,2020-1-31
JAM,Jamaica,Americas,Caribbean,3. Upper middle income,2913167,1-10 million,NA,NA,NA,2020-3-14,NA,2.397439702,2.246211283,2.58118347,2.216115725,2.016632461,2.431043521,63,2020-3-12
JEY,Jersey,Europe,Northern Europe,2. High income: nonOECD,101073,<1 million,NA,NA,NA,NA,NA,2.397439702,2.246211283,2.58118347,2.216115725,2.016632461,2.431043521,170,2020-3-20
JOR,Jordan,Asia,Western Asia,3. Upper middle income,10208664,10-100 million,2020-3-16,2020-3-14,NA,2020-3-14,2020-3-16,2.493690642,2.04131246,3.007760722,2.611569641,2.121969522,3.182393046,349,2020-3-3
JPN,Japan,Asia,Eastern Asia,1. High income: OECD,126495644,>100 million,2020-4-7,2020-2-20,NA,2020-2-4,2020-4-7,1.714471234,1.67979447,1.750641965,1.722860427,1.635105361,1.811971291,3906,2020-1-15
KAZ,Kazakhstan,Asia,Central Asia,3. Upper middle income,18777137,10-100 million,NA,2020-3-5,NA,2020-3-6,2020-3-5,2.511250107,2.254333027,2.831899409,2.406433191,2.100334723,2.737643334,704,2020-3-15
KEN,Kenya,Africa,Eastern Africa,5. Low income,26745846,10-100 million,NA,2020-3-3,NA,2020-3-15,2020-3-3,2.397439702,2.246211283,2.58118347,2.216115725,2.016632461,2.431043521,172,2020-3-14
KGZ,Kyrgyzstan,Asia,Central Asia,5. Low income,18905166,10-100 million,NA,NA,NA,2020-1-22,NA,2.134588814,1.76946342,2.566041881,2.20813891,1.788991091,2.702706257,270,2020-3-19
KHM,Cambodia,Asia,South-Eastern Asia,5. Low income,17625417,10-100 million,NA,2020-3-16,NA,2020-3-17,2020-3-16,2.397439702,2.246211283,2.58118347,2.216115725,2.016632461,2.431043521,117,2020-1-28
KIR,Kiribati,Oceania,Micronesia,4. Lower middle income,122437,<1 million,NA,NA,NA,2020-3-7,NA,2.397439702,2.246211283,2.58118347,2.216115725,2.016632461,2.431043521,0,2020-4-8
KNA,St. Kitts & Nevis,Americas,Caribbean,2. High income: nonOECD,50848,<1 million,NA,NA,NA,2020-3-25,NA,2.397439702,2.246211283,2.58118347,2.216115725,2.016632461,2.431043521,11,2020-3-26
KOR,South Korea,Asia,Eastern Asia,1. High income: OECD,51506981,10-100 million,NA,2020-2-27,NA,2020-3-10,2020-2-27,3.490083415,3.377689919,3.608299592,3.045259404,2.921298952,3.172709542,10384,2020-1-20
KOS,Kosovo,Europe,Southern Europe,4. Lower middle income,1932774,1-10 million,NA,NA,NA,NA,NA,2.397439702,2.246211283,2.58118347,2.216115725,2.016632461,2.431043521,0,2020-4-8
KWT,Kuwait,Asia,Western Asia,2. High income: nonOECD,4302866,1-10 million,NA,2020-2-26,NA,2020-2-20,2020-2-26,1.718876236,1.62624694,1.818361149,1.837870909,1.629061247,2.063904672,743,2020-2-24
LAO,Laos,Asia,South-Eastern Asia,4. Lower middle income,7164828,1-10 million,NA,NA,NA,2020-2-17,NA,2.397439702,2.246211283,2.58118347,2.216115725,2.016632461,2.431043521,12,2020-3-25
LBN,Lebanon,Asia,Western Asia,3. Upper middle income,6019794,1-10 million,NA,2020-3-9,NA,2020-2-21,2020-3-9,2.18755451,1.949566912,2.453280665,2.117726637,1.794984113,2.479679624,548,2020-2-22
LBR,Liberia,Africa,Western Africa,5. Low income,5103852,1-10 million,NA,2020-3-22,NA,2020-3-24,2020-3-22,2.397439702,2.246211283,2.58118347,2.216115725,2.016632461,2.431043521,14,2020-3-17
LBY,Libya,Africa,Northern Africa,3. Upper middle income,6662176,1-10 million,2020-3-29,2020-3-13,NA,2020-3-16,2020-3-29,2.397439702,2.246211283,2.58118347,2.216115725,2.016632461,2.431043521,19,2020-3-25
LCA,St. Lucia,Americas,Caribbean,3. Upper middle income,181197,<1 million,2020-3-23,2020-3-20,NA,2020-2-4,2020-3-23,2.397439702,2.246211283,2.58118347,2.216115725,2.016632461,2.431043521,14,2020-3-15
LIE,Liechtenstein,Europe,Western Europe,2. High income: nonOECD,39137,<1 million,2020-2-28,2020-2-28,NA,2020-3-18,2020-2-28,2.397439702,2.246211283,2.58118347,2.216115725,2.016632461,2.431043521,78,2020-3-5
LKA,Sri Lanka,Asia,Southern Asia,4. Lower middle income,21084040,10-100 million,2020-3-29,2020-3-13,NA,2020-3-14,2020-3-29,2.397439702,2.246211283,2.58118347,2.216115725,2.016632461,2.431043521,185,2020-1-28
LSO,Lesotho,Africa,Southern Africa,4. Lower middle income,2322213,1-10 million,2020-3-30,2020-3-19,NA,2020-3-30,2020-3-30,2.397439702,2.246211283,2.58118347,2.216115725,2.016632461,2.431043521,0,2020-4-8
LTU,Lithuania,Europe,Northern Europe,3. Upper middle income,2852471,1-10 million,NA,2020-3-11,NA,2020-1-27,2020-3-11,2.533038049,2.285454991,2.812418044,2.447701294,2.154224441,2.758572548,880,2020-2-28
LUX,Luxembourg,Europe,Western Europe,1. High income: OECD,603951,<1 million,2020-3-16,2020-3-13,NA,NA,2020-3-16,3.14450344,2.961015844,3.343983818,2.898282867,2.691457781,3.115554792,2970,2020-3-1
LVA,Latvia,Europe,Northern Europe,3. Upper middle income,1892993,1-10 million,NA,2020-3-14,NA,2020-3-14,2020-3-14,2.249631659,1.99127783,2.545461773,2.22034425,1.890079801,2.586871504,548,2020-3-3
MAC,Macau SAR China,Asia,Eastern Asia,2. High income: nonOECD,651876,<1 million,NA,NA,NA,NA,NA,1.705176231,1.630115646,1.789476893,1.859680676,1.658094768,2.076244898,44,2020-1-22
MAF,Saint Martin (French part),Americas,Caribbean,2. High income: nonOECD,32556,<1 million,NA,NA,NA,NA,NA,2.397439702,2.246211283,2.58118347,2.216115725,2.016632461,2.431043521,0,2020-4-8
MAR,Morocco,Africa,Northern Africa,4. Lower middle income,37070719,10-100 million,NA,2020-3-13,NA,2020-3-14,2020-3-13,2.480701971,2.300354784,2.665697743,2.299986742,2.074075574,2.542207453,1184,2020-3-3
MCO,Monaco,Europe,Western Europe,2. High income: nonOECD,30940,<1 million,NA,NA,NA,NA,NA,2.397439702,2.246211283,2.58118347,2.216115725,2.016632461,2.431043521,79,2020-2-29
MDA,Moldova,Europe,Eastern Europe,4. Lower middle income,4017677,1-10 million,2020-3-25,2020-3-16,NA,2020-3-14,2020-3-25,2.531753667,2.347599476,2.751740191,2.415285546,2.168028725,2.6770755,1056,2020-3-8
MDG,Madagascar,Africa,Eastern Africa,5. Low income,27690797,10-100 million,2020-3-28,2020-3-21,NA,2020-3-10,2020-3-28,2.397439702,2.246211283,2.58118347,2.216115725,2.016632461,2.431043521,85,2020-3-21
MDV,Maldives,Asia,Southern Asia,3. Upper middle income,458903,<1 million,NA,2020-3-13,NA,2020-3-8,2020-3-13,2.397439702,2.246211283,2.58118347,2.216115725,2.016632461,2.431043521,19,2020-3-8
MEX,Mexico,Americas,Central America,3. Upper middle income,133870037,>100 million,2020-3-30,2020-3-20,NA,2020-3-21,2020-3-30,2.332262295,2.242344071,2.426656544,2.071201909,1.945469729,2.200107344,2785,2020-2-29
MHL,Marshall Islands,Oceania,Micronesia,4. Lower middle income,77917,<1 million,NA,NA,NA,2020-1-31,NA,2.397439702,2.246211283,2.58118347,2.216115725,2.016632461,2.431043521,0,2020-4-8
MKD,Macedonia,Europe,Southern Europe,3. Upper middle income,2088036,1-10 million,NA,2020-3-10,NA,2020-3-13,2020-3-10,2.065580599,1.871975022,2.270549326,1.920908527,1.672057029,2.197967117,599,2020-2-27
MLI,Mali,Africa,Western Africa,5. Low income,20284183,10-100 million,NA,2020-3-11,NA,2020-3-19,2020-3-11,2.397439702,2.246211283,2.58118347,2.216115725,2.016632461,2.431043521,56,2020-3-26
MLT,Malta,Europe,Southern Europe,2. High income: nonOECD,434370,<1 million,NA,2020-3-13,NA,2020-3-8,2020-3-13,1.527467942,1.336142809,1.73333954,1.613775948,1.322852739,1.934083283,293,2020-3-8
MMR,Myanmar (Burma),Asia,South-Eastern Asia,5. Low income,54808276,10-100 million,NA,2020-3-13,NA,2020-3-15,2020-3-13,2.397439702,2.246211283,2.58118347,2.216115725,2.016632461,2.431043521,22,2020-3-24
MNE,Montenegro,Europe,Southern Europe,3. Upper middle income,629393,<1 million,NA,2020-3-16,NA,2020-2-4,2020-3-16,2.08125496,1.729436278,2.5521905,2.211887199,1.771261188,2.720139016,241,2020-3-18
MNG,Mongolia,Asia,Eastern Asia,4. Lower middle income,3209396,1-10 million,2020-3-10,2020-3-10,NA,2020-2-23,2020-3-10,2.397439702,2.246211283,2.58118347,2.216115725,2.016632461,2.431043521,15,2020-3-10
MNP,Northern Mariana Islands,Oceania,Micronesia,2. High income: nonOECD,51433,<1 million,NA,NA,NA,NA,NA,2.397439702,2.246211283,2.58118347,2.216115725,2.016632461,2.431043521,8,2020-3-31
MOZ,Mozambique,Africa,Eastern Africa,5. Low income,28603070,10-100 million,NA,2020-3-23,NA,2020-3-16,2020-3-23,2.397439702,2.246211283,2.58118347,2.216115725,2.016632461,2.431043521,10,2020-3-23
MRT,Mauritania,Africa,Western Africa,5. Low income,4783765,1-10 million,NA,2020-3-17,NA,2020-3-17,2020-3-17,2.397439702,2.246211283,2.58118347,2.216115725,2.016632461,2.431043521,6,2020-3-15
MSR,Montserrat,Americas,Caribbean,4. Lower middle income,5373,<1 million,NA,NA,NA,NA,NA,2.397439702,2.246211283,2.58118347,2.216115725,2.016632461,2.431043521,6,2020-3-21
MTQ,Martinique,Americas,Caribbean,NA,385459,<1 million,NA,NA,NA,NA,NA,2.397439702,2.246211283,2.58118347,2.216115725,2.016632461,2.431043521,0,2020-4-8
MUS,Mauritius,Africa,Eastern Africa,3. Upper middle income,1274108,1-10 million,2020-3-20,2020-3-19,NA,2020-2-2,2020-3-20,2.34307343,1.841941394,2.95459448,2.520162487,2.008270488,3.090127508,268,2020-3-20
MWI,Malawi,Africa,Eastern Africa,5. Low income,20283701,10-100 million,NA,2020-3-20,NA,2020-3-20,2020-3-20,2.397439702,2.246211283,2.58118347,2.216115725,2.016632461,2.431043521,8,2020-4-3
MYS,Malaysia,Asia,South-Eastern Asia,3. Upper middle income,32869317,10-100 million,2020-3-18,2020-3-11,NA,2020-3-8,2020-3-18,2.325475893,2.250078495,2.404674113,1.953579466,1.843006053,2.068513624,3963,2020-1-25
MYT,Mayotte,Africa,Eastern Africa,NA,273097,<1 million,NA,NA,NA,NA,NA,2.397439702,2.246211283,2.58118347,2.216115725,2.016632461,2.431043521,0,2020-4-8
NAM,Namibia,Africa,Southern Africa,3. Upper middle income,1348269,1-10 million,2020-3-28,2020-3-14,NA,2020-3-14,2020-3-28,2.397439702,2.246211283,2.58118347,2.216115725,2.016632461,2.431043521,16,2020-3-15
NCL,New Caledonia,Oceania,Melanesia,2. High income: nonOECD,286905,<1 million,NA,NA,NA,NA,NA,2.397439702,2.246211283,2.58118347,2.216115725,2.016632461,2.431043521,18,2020-3-21
NER,Niger,Africa,Western Africa,5. Low income,24074691,10-100 million,NA,2020-3-17,NA,2020-3-20,2020-3-17,3.704191471,2.877611227,4.677749803,3.837121531,3.026140158,4.731450636,278,2020-3-21
NFK,Norfolk Island,Oceania,Australia and New Zealand,4. Lower middle income,1757,<1 million,NA,NA,NA,NA,NA,2.397439702,2.246211283,2.58118347,2.216115725,2.016632461,2.431043521,0,2020-4-8
NGA,Nigeria,Africa,Western Africa,4. Lower middle income,204909220,>100 million,2020-3-30,2020-3-18,NA,2020-3-18,2020-3-30,2.378333838,1.926635535,2.964843153,2.504768701,1.983249872,3.135665393,254,2020-2-28
NIC,Nicaragua,Americas,Central America,4. Lower middle income,6416569,1-10 million,NA,NA,NA,2020-3-31,NA,2.397439702,2.246211283,2.58118347,2.216115725,2.016632461,2.431043521,6,2020-3-19
NIU,Niue,Oceania,Polynesia,3. Upper middle income,1462,<1 million,NA,NA,NA,NA,NA,2.397439702,2.246211283,2.58118347,2.216115725,2.016632461,2.431043521,0,2020-4-8
NLD,Netherlands,Europe,Western Europe,1. High income: OECD,17181252,10-100 million,NA,2020-3-12,NA,NA,2020-3-12,2.463124924,2.422334998,2.50482088,2.16943689,2.114196939,2.225560729,19580,2020-2-28
NOR,Norway,Europe,Northern Europe,1. High income: OECD,5449696,1-10 million,NA,2020-3-12,NA,2020-3-15,2020-3-12,2.065603289,2.00557152,2.124080618,1.841465873,1.759314265,1.926179593,5863,2020-2-27
NPL,Nepal,Asia,Southern Asia,5. Low income,30260246,10-100 million,2020-3-24,2020-3-10,NA,2020-3-7,2020-3-24,2.397439702,2.246211283,2.58118347,2.216115725,2.016632461,2.431043521,9,2020-1-25
NRU,Nauru,Oceania,Micronesia,4. Lower middle income,9785,<1 million,NA,NA,NA,2020-3-2,NA,2.397439702,2.246211283,2.58118347,2.216115725,2.016632461,2.431043521,0,2020-4-8
NZL,New Zealand,Oceania,Australia and New Zealand,1. High income: OECD,4834421,1-10 million,2020-3-23,2020-3-19,NA,2020-3-13,2020-3-23,3.414155704,3.07085147,3.784231513,3.124406912,2.763189914,3.514133536,969,2020-2-28
OMN,Oman,Asia,Western Asia,2. High income: nonOECD,5149698,1-10 million,NA,2020-3-15,NA,2020-3-4,2020-3-15,2.063987568,1.874523254,2.271194337,1.900786668,1.612128345,2.239254233,419,2020-2-25
PAK,Pakistan,Asia,Southern Asia,4. Lower middle income,208362327,>100 million,NA,2020-3-13,NA,2020-2-20,2020-3-13,2.065499611,2.006437558,2.130552272,1.846268811,1.755215869,1.94043933,4072,2020-2-27
PAN,Panama,Americas,Central America,3. Upper middle income,4289326,1-10 million,NA,2020-3-13,NA,2020-1-4,2020-3-13,2.284798126,2.171538274,2.406212334,2.082840647,1.941537746,2.229554265,2249,2020-3-10
PCN,Pitcairn Islands,Oceania,Polynesia,5. Low income,50,<1 million,NA,NA,NA,NA,NA,2.397439702,2.246211283,2.58118347,2.216115725,2.016632461,2.431043521,0,2020-4-8
PER,Peru,Americas,South America,3. Upper middle income,33312181,10-100 million,2020-3-16,2020-3-11,NA,2020-3-16,2020-3-16,2.325243899,2.234317885,2.419348208,2.151347775,2.025061338,2.285002457,2954,2020-3-7
PHL,Philippines,Asia,South-Eastern Asia,4. Lower middle income,109702483,>100 million,2020-3-26,2020-3-10,2020-3-31,2020-1-19,2020-3-26,2.803450622,2.681074185,2.93479198,2.647600755,2.497021506,2.803865506,3764,2020-1-30
PLW,Palau,Oceania,Micronesia,3. Upper middle income,21685,<1 million,NA,2020-3-17,NA,2020-2-13,2020-3-17,2.397439702,2.246211283,2.58118347,2.216115725,2.016632461,2.431043521,0,2020-4-8
PNG,Papua New Guinea,Oceania,Melanesia,4. Lower middle income,8755676,1-10 million,2020-3-24,2020-3-18,NA,2020-2-9,2020-3-24,2.397439702,2.246211283,2.58118347,2.216115725,2.016632461,2.431043521,2,2020-3-21
POL,Poland,Europe,Eastern Europe,1. High income: OECD,37942222,10-100 million,2020-3-24,2020-3-12,NA,2020-3-10,2020-3-24,2.345230419,2.271993557,2.424027409,2.126306104,2.024994435,2.23092239,4848,2020-3-4
PRI,Puerto Rico,Americas,Caribbean,2. High income: nonOECD,3650605,1-10 million,NA,NA,NA,NA,NA,3.669931037,3.079457595,4.403522412,3.822929303,3.255091758,4.448542651,573,2020-3-28
PRK,North Korea,Asia,Eastern Asia,5. Low income,25840867,10-100 million,2020-1-23,2020-1-23,NA,2020-3-15,2020-1-23,2.397439702,2.246211283,2.58118347,2.216115725,2.016632461,2.431043521,0,2020-4-8
PRT,Portugal,Europe,Southern Europe,1. High income: OECD,9972688,1-10 million,2020-4-3,2020-3-12,NA,2020-3-10,2020-4-3,2.763848794,2.699209436,2.831107493,2.448531817,2.370156882,2.528612039,12442,2020-3-3
PRY,Paraguay,Americas,South America,4. Lower middle income,7066329,1-10 million,2020-3-20,2020-3-10,NA,2020-2-7,2020-3-20,2.397439702,2.246211283,2.58118347,2.216115725,2.016632461,2.431043521,115,2020-3-8
PSE,Palestinian Territories,Asia,Western Asia,NA,5322632,1-10 million,2020-3-7,2020-3-7,NA,2020-3-15,2020-3-7,1.710187804,1.513269763,1.935166199,1.830604996,1.480749023,2.241394798,260,2020-3-6
PYF,French Polynesia,Oceania,Polynesia,2. High income: nonOECD,290741,<1 million,NA,NA,NA,NA,NA,2.397439702,2.246211283,2.58118347,2.216115725,2.016632461,2.431043521,47,2020-3-19
QAT,Qatar,Asia,Western Asia,2. High income: nonOECD,2791800,1-10 million,2020-3-22,2020-3-9,NA,2020-3-14,2020-3-22,1.756079098,1.690431747,1.821891105,1.886074475,1.754532759,2.025534388,2057,2020-3-1
REU,R?union,Africa,Eastern Africa,NA,896525,<1 million,NA,NA,NA,NA,NA,2.397439702,2.246211283,2.58118347,2.216115725,2.016632461,2.431043521,0,2020-4-8
ROU,Romania,Europe,Eastern Europe,3. Upper middle income,19388360,10-100 million,NA,2020-3-16,NA,2020-3-9,2020-3-16,2.512435751,2.425924227,2.597416706,2.234673198,2.125221989,2.347808719,4417,2020-2-27
RUS,Russia,Europe,Eastern Europe,3. Upper middle income,134651648,>100 million,2020-3-22,2020-3-16,NA,2020-3-13,2020-3-22,2.929061687,2.838647249,3.022492478,2.667389067,2.560770265,2.777180695,7497,2020-2-1
RWA,Rwanda,Africa,Eastern Africa,5. Low income,14172046,10-100 million,2020-3-21,2020-3-8,NA,2020-3-8,2020-3-21,2.397439702,2.246211283,2.58118347,2.216115725,2.016632461,2.431043521,105,2020-3-15
SAU,Saudi Arabia,Asia,Western Asia,2. High income: nonOECD,34709643,10-100 million,2020-3-25,2020-3-9,NA,2020-3-7,2020-3-25,2.094364827,2.011503381,2.182568004,1.878238006,1.764625613,1.996597876,2795,2020-3-3
SDN,Sudan,Africa,Northern Africa,4. Lower middle income,43541202,10-100 million,NA,2020-3-15,NA,2020-1-20,2020-3-15,2.397439702,2.246211283,2.58118347,2.216115725,2.016632461,2.431043521,14,2020-3-14
SEN,Senegal,Africa,Western Africa,4. Lower middle income,17200158,10-100 million,NA,2020-3-14,NA,NA,2020-3-14,2.090358105,1.734254457,2.495917054,2.088163838,1.648791965,2.604293474,237,2020-3-3
SGP,Singapore,Asia,South-Eastern Asia,2. High income: nonOECD,5935044,1-10 million,2020-4-7,2020-2-15,NA,NA,2020-4-7,1.684078181,1.630095624,1.74000548,1.62825146,1.494063977,1.770296647,1481,2020-1-24
SJM,Svalbard & Jan Mayen,Europe,Northern Europe,NA,2170,<1 million,NA,NA,NA,NA,NA,2.397439702,2.246211283,2.58118347,2.216115725,2.016632461,2.431043521,0,2020-4-8
SLB,Solomon Islands,Oceania,Melanesia,4. Lower middle income,647294,<1 million,NA,2020-3-20,NA,2020-3-2,2020-3-20,2.397439702,2.246211283,2.58118347,2.216115725,2.016632461,2.431043521,0,2020-4-8
SLE,Sierra Leone,Africa,Western Africa,5. Low income,8046942,1-10 million,NA,2020-3-16,NA,2020-3-16,2020-3-16,2.397439702,2.246211283,2.58118347,2.216115725,2.016632461,2.431043521,6,2020-4-1
SLV,El Salvador,Americas,Central America,4. Lower middle income,6479060,1-10 million,2020-3-11,2020-3-11,NA,2020-3-11,2020-3-11,2.397439702,2.246211283,2.58118347,2.216115725,2.016632461,2.431043521,78,2020-3-19
SMR,San Marino,Europe,Southern Europe,2. High income: nonOECD,34232,<1 million,NA,2020-3-8,NA,2020-3-8,2020-3-8,1.715014974,1.435914157,2.013257926,1.810571898,1.43842807,2.24040687,279,2020-2-28
SOM,Somalia,Africa,Eastern Africa,5. Low income,16105176,10-100 million,NA,2020-3-31,NA,2020-3-15,2020-3-31,2.397439702,2.246211283,2.58118347,2.216115725,2.016632461,2.431043521,8,2020-3-17
SPM,St. Pierre & Miquelon,Americas,Northern America,3. Upper middle income,5347,<1 million,NA,NA,NA,NA,NA,2.397439702,2.246211283,2.58118347,2.216115725,2.016632461,2.431043521,0,2020-4-8
SRB,Serbia,Europe,Southern Europe,3. Upper middle income,8703948,1-10 million,NA,2020-3-17,NA,2020-3-15,2020-3-17,2.504311572,2.394465216,2.62067864,2.282126931,2.135631631,2.434613471,2447,2020-3-7
SSD,South Sudan,Africa,Northern Africa,5. Low income,13610002,10-100 million,NA,2020-3-15,NA,2020-3-13,2020-3-15,2.397439702,2.246211283,2.58118347,2.216115725,2.016632461,2.431043521,1,2020-4-6
STP,S?o Tom? & Pr?ncipe,Africa,Middle Africa,4. Lower middle income,218019,<1 million,NA,NA,NA,NA,NA,2.397439702,2.246211283,2.58118347,2.216115725,2.016632461,2.431043521,0,2020-4-8
SUR,Suriname,Americas,South America,3. Upper middle income,577759,<1 million,NA,2020-3-27,NA,2020-3-14,2020-3-27,2.397439702,2.246211283,2.58118347,2.216115725,2.016632461,2.431043521,10,2020-3-15
SVK,Slovakia,Europe,Eastern Europe,1. High income: OECD,5448874,1-10 million,2020-3-12,2020-3-12,NA,2020-3-12,2020-3-12,1.735319389,1.566116046,1.918495074,1.740450855,1.502432544,1.99580483,581,2020-3-7
SVN,Slovenia,Europe,Southern Europe,1. High income: OECD,2082053,1-10 million,2020-3-19,2020-3-10,NA,2020-3-10,2020-3-19,1.8060668,1.666948581,1.944005677,1.744394505,1.566202892,1.935448674,1055,2020-3-5
SWE,Sweden,Europe,Northern Europe,1. High income: OECD,10121690,10-100 million,NA,2020-3-12,NA,2020-3-19,2020-3-12,1.944827608,1.903924473,1.985974328,1.808343812,1.740858193,1.87759698,7693,2020-2-1
SWZ,Swaziland,Africa,Southern Africa,4. Lower middle income,1439289,1-10 million,2020-3-27,2020-3-17,NA,2020-3-17,2020-3-27,2.397439702,2.246211283,2.58118347,2.216115725,2.016632461,2.431043521,10,2020-3-15
SXM,Sint Maarten,Americas,Caribbean,2. High income: nonOECD,43847,<1 million,NA,NA,NA,NA,NA,2.397439702,2.246211283,2.58118347,2.216115725,2.016632461,2.431043521,40,2020-3-3
SYC,Seychelles,Africa,Eastern Africa,3. Upper middle income,96117,<1 million,NA,2020-3-10,NA,2020-1-29,2020-3-10,2.397439702,2.246211283,2.58118347,2.216115725,2.016632461,2.431043521,11,2020-3-15
SYR,Syria,Asia,Western Asia,4. Lower middle income,18924438,10-100 million,NA,2020-3-14,NA,2020-3-19,2020-3-14,2.397439702,2.246211283,2.58118347,2.216115725,2.016632461,2.431043521,19,2020-3-23
TCA,Turks & Caicos Islands,Americas,Caribbean,2. High income: nonOECD,55926,<1 million,NA,NA,NA,NA,NA,2.397439702,2.246211283,2.58118347,2.216115725,2.016632461,2.431043521,8,2020-3-25
TCD,Chad,Africa,Middle Africa,5. Low income,16285093,10-100 million,2020-3-19,2020-3-19,NA,2020-3-18,2020-3-19,2.397439702,2.246211283,2.58118347,2.216115725,2.016632461,2.431043521,9,2020-3-20
TGO,Togo,Africa,Western Africa,5. Low income,8384290,1-10 million,2020-3-21,2020-3-16,NA,2020-3-20,2020-3-21,2.397439702,2.246211283,2.58118347,2.216115725,2.016632461,2.431043521,65,2020-3-7
THA,Thailand,Asia,South-Eastern Asia,3. Upper middle income,34705432,10-100 million,2020-2-22,2020-2-22,NA,2020-1-3,2020-2-22,2.750850023,2.595953594,2.925762176,2.888130455,2.645975569,3.151288607,2369,2020-1-13
TJK,Tajikistan,Asia,Central Asia,5. Low income,9475256,1-10 million,NA,2020-3-15,NA,2020-2-24,2020-3-15,2.397439702,2.246211283,2.58118347,2.216115725,2.016632461,2.431043521,0,2020-4-8
TKL,Tokelau,Oceania,Polynesia,NA,1366,<1 million,NA,NA,NA,NA,NA,2.397439702,2.246211283,2.58118347,2.216115725,2.016632461,2.431043521,0,2020-4-8
TKM,Turkmenistan,Asia,Central Asia,3. Upper middle income,6031184,1-10 million,NA,2020-3-15,NA,2020-3-15,2020-3-15,2.397439702,2.246211283,2.58118347,2.216115725,2.016632461,2.431043521,0,2020-4-8
TLS,Timor-Leste,Asia,South-Eastern Asia,4. Lower middle income,1381396,1-10 million,NA,NA,NA,2020-3-15,NA,2.397439702,2.246211283,2.58118347,2.216115725,2.016632461,2.431043521,1,2020-3-22
TON,Tonga,Oceania,Polynesia,4. Lower middle income,111030,<1 million,2020-3-29,2020-3-20,NA,2020-3-5,2020-3-29,2.397439702,2.246211283,2.58118347,2.216115725,2.016632461,2.431043521,0,2020-4-8
TTO,Trinidad & Tobago,Americas,Caribbean,2. High income: nonOECD,1377726,1-10 million,NA,NA,NA,2020-3-3,NA,2.397439702,2.246211283,2.58118347,2.216115725,2.016632461,2.431043521,107,2020-3-13
TUN,Tunisia,Africa,Northern Africa,3. Upper middle income,11903145,10-100 million,NA,2020-3-13,NA,2020-3-10,2020-3-13,2.592233279,2.279831178,2.927913213,2.51451476,2.155026929,2.900933778,596,2020-3-3
TUR,Turkey,Asia,Western Asia,3. Upper middle income,83835758,10-100 million,NA,2020-3-16,NA,2020-2-5,2020-3-16,3.201506818,3.153446507,3.25048445,2.797685082,2.744393625,2.851724554,34109,2020-3-12
TUV,Tuvalu,Oceania,Polynesia,3. Upper middle income,11342,<1 million,NA,NA,NA,2020-2-29,NA,2.397439702,2.246211283,2.58118347,2.216115725,2.016632461,2.431043521,0,2020-4-8
TWN,Taiwan,Asia,Eastern Asia,2. High income: nonOECD,23817898,10-100 million,NA,NA,NA,NA,NA,1.813381035,1.670911804,1.977335339,2.082870094,1.693069453,2.555840798,376,2020-1-21
TZA,Tanzania,Africa,Eastern Africa,5. Low income,59071798,10-100 million,NA,2020-3-17,NA,2020-3-23,2020-3-17,2.397439702,2.246211283,2.58118347,2.216115725,2.016632461,2.431043521,24,2020-3-17
UGA,Uganda,Africa,Eastern Africa,5. Low income,47187702,10-100 million,2020-3-30,2020-3-20,NA,2020-3-22,2020-3-30,2.397439702,2.246211283,2.58118347,2.216115725,2.016632461,2.431043521,52,2020-3-22
UKR,Ukraine,Europe,Eastern Europe,4. Lower middle income,43579233,10-100 million,2020-3-15,2020-3-9,NA,2020-2-19,2020-3-15,3.153353767,2.903691174,3.449262689,2.986649647,2.713966073,3.273378095,1462,2020-3-4
URY,Uruguay,Americas,South America,3. Upper middle income,3494386,1-10 million,2020-3-24,2020-3-15,NA,2020-3-15,2020-3-24,2.771723112,2.278563435,3.329126474,2.824740949,2.321549751,3.400084291,424,2020-3-15
USA,United States,Americas,Northern America,1. High income: OECD,331431527,>100 million,NA,2020-3-19,NA,2020-3-13,2020-3-19,2.749162695,2.739657053,2.758701443,2.307466284,2.29513127,2.319726347,398809,2020-1-21
UZB,Uzbekistan,Asia,Central Asia,4. Lower middle income,33235820,10-100 million,NA,2020-3-15,NA,2020-3-2,2020-3-15,2.197531312,1.981802068,2.435310437,2.137278706,1.845807816,2.454240206,504,2020-3-16
VCT,St. Vincent & Grenadines,Americas,Caribbean,3. Upper middle income,110764,<1 million,NA,2020-3-16,NA,NA,2020-3-16,2.397439702,2.246211283,2.58118347,2.216115725,2.016632461,2.431043521,8,2020-3-13
VEN,Venezuela,Americas,South America,3. Upper middle income,33172401,10-100 million,2020-3-16,2020-3-15,NA,2020-3-15,2020-3-16,2.397439702,2.246211283,2.58118347,2.216115725,2.016632461,2.431043521,166,2020-3-15
VGB,British Virgin Islands,Americas,Caribbean,1. High income: OECD,37381,<1 million,NA,NA,NA,NA,NA,2.397439702,2.246211283,2.58118347,2.216115725,2.016632461,2.431043521,3,2020-3-27
VIR,U.S. Virgin Islands,Americas,Caribbean,2. High income: nonOECD,104850,<1 million,NA,NA,NA,NA,NA,2.397439702,2.246211283,2.58118347,2.216115725,2.016632461,2.431043521,45,2020-3-24
VNM,Vietnam,Asia,South-Eastern Asia,4. Lower middle income,98360146,10-100 million,2020-3-31,2020-3-31,NA,2020-3-2,2020-3-31,1.927353258,1.671938765,2.24567523,1.993834604,1.567255271,2.476179412,251,2020-1-24
VUT,Vanuatu,Oceania,Melanesia,4. Lower middle income,293934,<1 million,2020-3-22,2020-3-22,NA,2020-2-11,2020-3-22,2.397439702,2.246211283,2.58118347,2.216115725,2.016632461,2.431043521,0,2020-4-8
WLF,Wallis & Futuna,Oceania,Polynesia,4. Lower middle income,15854,<1 million,NA,NA,NA,NA,NA,2.397439702,2.246211283,2.58118347,2.216115725,2.016632461,2.431043521,0,2020-4-8
WSM,Samoa,Oceania,Polynesia,4. Lower middle income,200110,<1 million,2020-3-20,2020-3-20,NA,2020-3-20,2020-3-20,2.397439702,2.246211283,2.58118347,2.216115725,2.016632461,2.431043521,0,2020-4-8
YEM,Yemen,Asia,Western Asia,4. Lower middle income,30245300,10-100 million,NA,NA,NA,2020-3-15,NA,2.397439702,2.246211283,2.58118347,2.216115725,2.016632461,2.431043521,0,2020-4-8
ZAF,South Africa,Africa,Southern Africa,3. Upper middle income,19573745,10-100 million,2020-3-27,2020-3-15,2020-3-30,2020-3-16,2020-3-27,3.263878606,3.012402374,3.534179293,3.037345647,2.772896972,3.318105635,1749,2020-3-6
ZMB,Zambia,Africa,Eastern Africa,4. Lower middle income,6226427,1-10 million,NA,2020-3-17,NA,2020-3-17,2020-3-17,2.397439702,2.246211283,2.58118347,2.216115725,2.016632461,2.431043521,39,2020-3-19
ZWE,Zimbabwe,Africa,Eastern Africa,5. Low income,17645185,10-100 million,2020-3-30,2020-3-24,NA,2020-3-24,2020-3-30,2.397439702,2.246211283,2.58118347,2.216115725,2.016632461,2.431043521,10,2020-3-21
